Date,Open,High,Low,Close,Volume
08/01/2016 16:00:00,47.64,47.64,46.66,46.75,7418536
11/01/2016 16:00:00,47.24,47.26,46.52,46.89,6073211
12/01/2016 16:00:00,47.39,47.44,46.83,47.28,5588733
13/01/2016 16:00:00,47.48,47.57,46.31,46.38,6787819
14/01/2016 16:00:00,46.53,47.17,46.22,46.98,12323809
15/01/2016 16:00:00,45.47,45.76,45.04,45.26,8674873
19/01/2016 16:00:00,45.88,45.9,45.25,45.56,8381249
20/01/2016 16:00:00,44.76,44.88,43.8,44.62,12231244
21/01/2016 16:00:00,44.51,45.29,44.18,45.08,8103915
22/01/2016 16:00:00,46.17,46.39,45.94,46.27,6002513
25/01/2016 16:00:00,45.97,46.12,45.67,45.67,6850725
26/01/2016 16:00:00,45.98,46.66,45.98,46.66,4834599
27/01/2016 16:00:00,46.45,46.9,46.1,46.24,6301833
28/01/2016 16:00:00,46.67,46.73,45.96,46.37,4536046
29/01/2016 16:00:00,46.38,47.11,46.38,47.11,6472820
01/02/2016 16:00:00,46.68,47.22,46.55,47.07,3540718
02/02/2016 16:00:00,46.27,46.3,45.71,45.78,6364053
03/02/2016 16:00:00,46.29,46.53,45.51,46.51,8670377
04/02/2016 16:00:00,46.16,46.66,46.02,46.49,7679320
05/02/2016 16:00:00,46.35,46.43,45.68,45.82,7394634
08/02/2016 16:00:00,44.69,44.73,44.2,44.58,7570599
09/02/2016 16:00:00,43.72,44.41,43.66,44.19,8549511
10/02/2016 16:00:00,44.62,44.89,44.38,44.44,5419396
11/02/2016 16:00:00,43.93,44.07,43.47,43.85,16143017
12/02/2016 16:00:00,44.08,44.63,43.94,44.63,5007225
16/02/2016 16:00:00,45.43,45.43,44.87,45.39,6632654
17/02/2016 16:00:00,45.92,46.44,45.85,46.34,11926147
18/02/2016 16:00:00,46.44,46.45,46.01,46.07,4457021
19/02/2016 16:00:00,45.75,46.08,45.57,46.06,2542432
22/02/2016 16:00:00,46.12,46.38,46.1,46.3,3481108
23/02/2016 16:00:00,46.08,46.12,45.49,45.49,3024610
24/02/2016 16:00:00,44.66,45.35,44.47,45.29,3441297
25/02/2016 16:00:00,45.6,45.93,45.38,45.91,7471509
26/02/2016 16:00:00,46.08,46.15,45.69,45.76,3050684
29/02/2016 16:00:00,45.78,46.05,45.57,45.59,3027416
01/03/2016 16:00:00,46.33,46.89,46.22,46.86,4052299
02/03/2016 16:00:00,46.54,46.94,46.38,46.91,3617410
03/03/2016 16:00:00,46.96,47.43,46.91,47.4,4051599
04/03/2016 16:00:00,47.62,47.88,47.54,47.62,6941590
07/03/2016 16:00:00,47.1,47.79,47.08,47.65,3593364
08/03/2016 16:00:00,47.51,47.51,47.09,47.11,7540630
09/03/2016 16:00:00,47.31,47.46,47.16,47.32,3496190
10/03/2016 16:00:00,47.75,48.11,46.93,47.35,16572803
11/03/2016 16:00:00,48.17,48.63,48.14,48.63,3618494
14/03/2016 16:00:00,48.48,48.64,48.39,48.5,2461248
15/03/2016 16:00:00,47.76,47.85,47.66,47.8,2182232
16/03/2016 16:00:00,47.46,48.39,47.46,48.38,3805534
17/03/2016 16:00:00,48.41,48.87,48.25,48.81,544977
18/03/2016 16:00:00,48.82,48.94,48.65,48.76,3682248
21/03/2016 16:00:00,48.57,48.68,48.44,48.54,2543145
22/03/2016 16:00:00,47.98,48.4,47.91,48.28,3331432
23/03/2016 16:00:00,48.27,48.29,47.86,47.88,2333149
24/03/2016 16:00:00,47.37,47.58,47.25,47.55,3243852
28/03/2016 16:00:00,47.77,47.88,47.62,47.8,2828486
29/03/2016 16:00:00,47.57,48.43,47.46,48.43,6574762
30/03/2016 16:00:00,48.98,49.21,48.81,48.91,3819046
31/03/2016 16:00:00,48.77,48.89,48.51,48.52,4202567
01/04/2016 16:00:00,47.68,48.24,47.63,48.18,5836189
04/04/2016 16:00:00,48.35,48.44,48.11,48.17,2722856
05/04/2016 16:00:00,47.41,47.45,47.23,47.28,3852311
06/04/2016 16:00:00,47.38,48.03,47.34,48.03,4143364
07/04/2016 16:00:00,47.46,47.6,47.04,47.15,6965710
08/04/2016 16:00:00,47.92,48.08,47.82,47.98,4074164
11/04/2016 16:00:00,48.35,48.57,48.05,48.05,5753563
12/04/2016 16:00:00,48.19,48.65,47.9,48.6,6615261
13/04/2016 16:00:00,49.07,49.24,48.95,49.17,3786802
14/04/2016 16:00:00,49.31,49.32,49.09,49.18,2336503
15/04/2016 16:00:00,49.14,49.25,49.05,49.05,4148418
18/04/2016 16:00:00,49.04,49.57,49.01,49.52,2004186
19/04/2016 16:00:00,50.26,50.5,50.2,50.43,3431089
20/04/2016 16:00:00,50.31,50.55,50.21,50.33,5198540
21/04/2016 16:00:00,50.25,50.27,49.85,49.94,3854445
22/04/2016 16:00:00,49.79,49.94,49.65,49.84,2282368
25/04/2016 16:00:00,49.63,49.72,49.5,49.67,3151600
26/04/2016 16:00:00,50.08,50.13,49.86,49.97,3300676
27/04/2016 16:00:00,50,50.34,49.92,50.24,2291934
28/04/2016 16:00:00,49.85,50.34,49.84,49.99,5392273
29/04/2016 16:00:00,50.04,50.14,49.69,49.86,3991025
02/05/2016 16:00:00,50.16,50.29,50,50.27,2664094
03/05/2016 16:00:00,49.63,49.68,49.23,49.26,3387431
04/05/2016 16:00:00,48.82,48.95,48.56,48.69,7174938
05/05/2016 16:00:00,48.57,48.65,48.32,48.45,2842227
06/05/2016 16:00:00,48.22,48.64,48.2,48.64,3070654
09/05/2016 16:00:00,48.64,48.77,48.45,48.53,1978745
10/05/2016 16:00:00,48.72,49.04,48.7,49.01,2717882
11/05/2016 16:00:00,48.78,49.02,48.67,48.75,2922661
12/05/2016 16:00:00,49.11,49.16,48.4,48.6,3459356
13/05/2016 16:00:00,48.27,48.52,48.02,48.1,3811636
16/05/2016 16:00:00,48.3,48.72,48.23,48.69,3364705
17/05/2016 16:00:00,48.57,48.75,48.26,48.3,4697022
18/05/2016 16:00:00,48.38,48.92,48.22,48.46,5098405
19/05/2016 16:00:00,48.18,48.28,47.98,48.16,4192907
20/05/2016 16:00:00,48.53,48.7,48.49,48.6,2990600
23/05/2016 16:00:00,48.43,48.6,48.35,48.48,2771770
24/05/2016 16:00:00,48.96,49.46,48.94,49.38,10452387
25/05/2016 16:00:00,49.74,50,49.74,49.93,3468787
26/05/2016 16:00:00,50.19,50.26,49.97,50.1,2557417
27/05/2016 16:00:00,50.02,50.09,49.88,49.97,4377499
31/05/2016 16:00:00,50.13,50.23,49.48,49.61,4225983
01/06/2016 16:00:00,49.26,49.6,49.25,49.54,3351577
02/06/2016 16:00:00,49.37,49.68,49.33,49.68,11306085
03/06/2016 16:00:00,49.78,50.02,49.55,50.01,5386608
06/06/2016 16:00:00,49.97,50.26,49.94,50.14,3202136
07/06/2016 16:00:00,50.52,50.68,50.45,50.49,6441286
08/06/2016 16:00:00,50.61,50.7,50.5,50.56,4458754
09/06/2016 16:00:00,49.85,50.03,49.71,49.83,2563658
10/06/2016 16:00:00,48.7,48.73,48.02,48.14,4333213
13/06/2016 16:00:00,47.51,47.92,47.27,47.36,5610423
14/06/2016 16:00:00,45.88,45.99,45.33,45.57,8372323
15/06/2016 16:00:00,45.97,46.21,45.78,45.86,6372737
16/06/2016 16:00:00,45.17,46.1,44.83,46.08,7857638
17/06/2016 16:00:00,46.41,46.92,46.21,46.87,9032777
20/06/2016 16:00:00,48.49,48.52,48.12,48.14,7925800
21/06/2016 16:00:00,48.44,48.93,48.24,48.6,5259154
22/06/2016 16:00:00,48.81,49.09,48.59,48.62,9102543
23/06/2016 16:00:00,49.74,50.23,49.27,50.14,7688274
24/06/2016 16:00:00,44.93,46.02,44.48,44.48,29139705
27/06/2016 16:00:00,43.57,43.63,42.73,43.32,11170976
28/06/2016 16:00:00,44.53,44.74,44.12,44.74,9806031
29/06/2016 16:00:00,45.51,45.88,45.37,45.65,7148637
30/06/2016 16:00:00,45.86,46.66,45.79,46.66,12204607
01/07/2016 16:00:00,46.76,46.88,46.63,46.72,8123575
05/07/2016 16:00:00,45.78,45.81,45.13,45.25,8668304
06/07/2016 16:00:00,44.67,45.14,44.29,45.11,10473264
07/07/2016 16:00:00,45.25,45.43,44.74,44.92,6712897
08/07/2016 16:00:00,45.66,45.73,45.48,45.66,7458971
11/07/2016 16:00:00,46.3,46.53,46.28,46.34,6794487
12/07/2016 16:00:00,47.07,47.31,46.99,47.02,6164663
13/07/2016 16:00:00,47.24,47.41,46.99,47.02,7892075
14/07/2016 16:00:00,47.54,47.67,47.43,47.51,17420446
15/07/2016 16:00:00,47.32,47.39,47.1,47.22,10403586
18/07/2016 16:00:00,47.22,47.56,47.11,47.31,7433778
19/07/2016 16:00:00,46.98,47.06,46.83,46.95,4647483
20/07/2016 16:00:00,47.25,47.46,47.16,47.4,2976631
21/07/2016 16:00:00,47.27,47.52,47.18,47.26,3208079
22/07/2016 16:00:00,47.35,47.38,47.17,47.29,3515838
25/07/2016 16:00:00,47.36,47.44,47.17,47.34,3372233
26/07/2016 16:00:00,47.45,47.62,47.29,47.5,3324387
27/07/2016 16:00:00,47.79,47.96,47.4,47.83,4174330
28/07/2016 16:00:00,47.84,47.91,47.57,47.84,3409865
29/07/2016 16:00:00,48.03,48.37,47.96,48.28,3588902
01/08/2016 16:00:00,48.01,48.1,47.73,47.76,2955067
02/08/2016 16:00:00,47.79,47.87,47.54,47.73,4587793
03/08/2016 16:00:00,47.37,47.51,47.3,47.49,4263303
04/08/2016 16:00:00,47.53,47.71,47.48,47.71,8029892
05/08/2016 16:00:00,47.65,47.92,47.64,47.89,2450171
08/08/2016 16:00:00,47.91,47.95,47.84,47.93,1743164
09/08/2016 16:00:00,48.13,48.54,48.12,48.41,2543468
10/08/2016 16:00:00,48.66,48.74,48.57,48.62,2209519
11/08/2016 16:00:00,48.82,49.14,48.82,49,2319986
12/08/2016 16:00:00,49.17,49.17,48.88,48.94,1558370
15/08/2016 16:00:00,49.09,49.2,49.05,49.09,1432639
16/08/2016 16:00:00,49.17,49.28,49.06,49.07,4113300
17/08/2016 16:00:00,48.82,49.14,48.61,48.99,3134286
18/08/2016 16:00:00,49.11,49.39,49.09,49.38,2617985
19/08/2016 16:00:00,48.79,49.01,48.69,48.95,2020146
22/08/2016 16:00:00,48.74,49.08,48.69,48.99,1604593
23/08/2016 16:00:00,49.34,49.49,49.22,49.22,3791924
24/08/2016 16:00:00,49.31,49.38,49.07,49.08,3346829
25/08/2016 16:00:00,48.96,49.05,48.83,48.87,1806976
26/08/2016 16:00:00,49.09,49.55,48.42,48.6,5348488
29/08/2016 16:00:00,48.46,48.83,48.46,48.83,1852931
30/08/2016 16:00:00,48.9,48.94,48.63,48.71,4538103
31/08/2016 16:00:00,48.7,48.83,48.46,48.61,3132632
01/09/2016 16:00:00,48.87,49.01,48.69,49,4319080
02/09/2016 16:00:00,49.5,49.73,49.34,49.67,7499941
06/09/2016 16:00:00,49.77,49.99,49.7,49.95,5688461
07/09/2016 16:00:00,50,50.12,49.84,49.92,4457876
08/09/2016 16:00:00,50,50.12,49.82,49.93,2628969
09/09/2016 16:00:00,49.5,49.51,48.85,48.86,4515754
12/09/2016 16:00:00,48.39,49.31,48.39,49.3,4705948
13/09/2016 16:00:00,48.48,48.51,47.88,48.05,5644276
14/09/2016 16:00:00,48.01,48.31,47.96,48.06,2992957
15/09/2016 16:00:00,48.03,48.52,47.92,48.46,2686242
16/09/2016 16:00:00,47.79,47.79,47.52,47.61,2792893
19/09/2016 16:00:00,48.16,48.23,47.88,48,2489153
20/09/2016 16:00:00,48.3,48.35,48.05,48.1,1743385
21/09/2016 16:00:00,48.32,48.76,48.13,48.7,3826091
22/09/2016 16:00:00,49.47,49.59,49.19,49.24,4031202
23/09/2016 16:00:00,48.82,49.04,48.82,48.86,1882448
26/09/2016 16:00:00,48.42,48.52,48.31,48.36,2177956
27/09/2016 16:00:00,47.91,48.44,47.81,48.37,2266875
28/09/2016 16:00:00,48.63,48.93,48.34,48.92,3152273
29/09/2016 16:00:00,48.77,48.92,48.03,48.17,3655486
30/09/2016 16:00:00,48.42,48.87,48.34,48.73,8385827
03/10/2016 16:00:00,48.71,48.74,48.53,48.63,3548267
04/10/2016 16:00:00,48.89,49.02,48.51,48.68,4001141
05/10/2016 16:00:00,48.87,48.94,48.73,48.86,3380488
06/10/2016 16:00:00,48.61,48.62,48.41,48.49,2204734
07/10/2016 16:00:00,48.2,48.23,47.72,48.07,2743019
10/10/2016 16:00:00,48.09,48.31,48.09,48.17,1169039
11/10/2016 16:00:00,48.04,48.06,47.32,47.44,3107763
12/10/2016 16:00:00,47.39,47.47,47.15,47.29,2102477
13/10/2016 16:00:00,46.72,47.25,46.57,47.12,2985313
14/10/2016 16:00:00,47.41,47.57,47.18,47.18,2274826
17/10/2016 16:00:00,47.06,47.16,46.9,47,1782622
18/10/2016 16:00:00,47.63,47.72,47.47,47.6,1740330
19/10/2016 16:00:00,47.56,47.76,47.56,47.66,2032642
20/10/2016 16:00:00,47.5,47.78,47.46,47.66,3244325
21/10/2016 16:00:00,47.28,47.55,47.26,47.52,1675807
24/10/2016 16:00:00,47.59,47.66,47.36,47.46,5896927
25/10/2016 16:00:00,47.27,47.38,47.11,47.28,2633184
26/10/2016 16:00:00,47.07,47.25,46.98,47.05,1670117
27/10/2016 16:00:00,47.26,47.28,47.04,47.1,1628369
28/10/2016 16:00:00,47.01,47.22,46.98,47.06,3251668
31/10/2016 16:00:00,46.97,47.11,46.84,47.01,2016023
01/11/2016 16:00:00,47.18,47.21,46.69,46.82,3303064
02/11/2016 16:00:00,46.83,46.87,46.46,46.51,2975519
03/11/2016 16:00:00,46.7,46.76,46.4,46.49,2528773
04/11/2016 16:00:00,46.14,46.36,46.03,46.03,3244836
07/11/2016 16:00:00,46.61,46.76,46.5,46.76,2170896
08/11/2016 16:00:00,46.63,47,46.57,46.9,2098639
09/11/2016 16:00:00,46.54,47.3,46.54,47.14,4359394
10/11/2016 16:00:00,47.04,47.16,46.5,46.9,4569499
11/11/2016 16:00:00,46.55,46.66,46.26,46.44,2576822
14/11/2016 16:00:00,45.99,46.12,45.85,46.04,2962294
15/11/2016 16:00:00,45.95,46.36,45.91,46.36,2233182
16/11/2016 16:00:00,45.81,46.01,45.74,45.85,8245021
17/11/2016 16:00:00,45.99,46.19,45.94,46.07,6349968
18/11/2016 16:00:00,45.74,45.77,45.52,45.6,3894571
21/11/2016 16:00:00,45.77,46,45.75,45.99,3711412
22/11/2016 16:00:00,46.02,46.07,45.82,46.03,2319998
23/11/2016 16:00:00,45.45,45.74,45.36,45.7,2341952
25/11/2016 16:00:00,46.01,46.08,45.96,46.08,1345254
28/11/2016 16:00:00,45.75,45.76,45.52,45.54,2503878
29/11/2016 16:00:00,45.58,46,45.55,45.94,2878872
30/11/2016 16:00:00,46.03,46.08,45.82,45.91,4140358
01/12/2016 16:00:00,45.85,45.96,45.72,45.84,2651503
02/12/2016 16:00:00,45.67,46.1,45.65,45.99,5255780
05/12/2016 16:00:00,46.42,46.73,46.35,46.68,4250067
06/12/2016 16:00:00,46.7,47.13,46.7,47.11,4126533
07/12/2016 16:00:00,47.19,47.86,47.19,47.75,3526893
08/12/2016 16:00:00,47.48,47.55,47.3,47.47,5131250
09/12/2016 16:00:00,47.53,47.74,47.44,47.73,3177259
12/12/2016 16:00:00,47.57,47.8,47.52,47.66,2894437
13/12/2016 16:00:00,47.99,48.33,47.99,48.17,3381960
14/12/2016 16:00:00,48.05,48.23,47.36,47.42,4537127
15/12/2016 16:00:00,47.35,47.46,47.26,47.39,3651185
16/12/2016 16:00:00,47.52,47.78,47.47,47.63,3755774
19/12/2016 16:00:00,47.55,47.71,47.44,47.46,5669010
20/12/2016 16:00:00,47.27,47.42,47.21,47.36,4269767
21/12/2016 16:00:00,47.47,47.54,47.43,47.48,5485740
22/12/2016 16:00:00,47.5,47.59,47.35,47.39,3123888
23/12/2016 16:00:00,47.42,47.58,47.41,47.58,2410718
27/12/2016 16:00:00,47.61,47.7,47.59,47.65,2252366
28/12/2016 16:00:00,47.45,47.5,47.27,47.35,2638538
29/12/2016 16:00:00,47.56,47.73,47.56,47.68,4124009
30/12/2016 16:00:00,48.11,48.21,47.83,47.94,4807563
03/01/2017 16:00:00,48.01,48.14,47.94,48.1,3817363
04/01/2017 16:00:00,48.21,48.5,48.13,48.5,2786174
05/01/2017 16:00:00,48.58,49,48.58,48.94,5205968
06/01/2017 16:00:00,48.68,48.82,48.62,48.7,2808990
09/01/2017 16:00:00,48.41,48.59,48.32,48.53,2343569
10/01/2017 16:00:00,48.55,48.71,48.52,48.52,2667883
11/01/2017 16:00:00,48.41,48.81,48.32,48.77,4145740
12/01/2017 16:00:00,48.88,48.98,48.73,48.82,6744160
13/01/2017 16:00:00,49.03,49.09,48.89,49.03,2840169
17/01/2017 16:00:00,49.04,49.12,48.97,49.03,4648433
18/01/2017 16:00:00,48.88,49,48.73,48.83,2705009
19/01/2017 16:00:00,48.73,48.82,48.56,48.73,3644773
20/01/2017 16:00:00,48.84,49.03,48.83,49,3698040
23/01/2017 16:00:00,49.02,49.2,48.89,49.16,4433264
24/01/2017 16:00:00,49.14,49.34,49.1,49.27,2249408
25/01/2017 16:00:00,49.64,49.88,49.63,49.86,2420866
26/01/2017 16:00:00,49.65,49.7,49.46,49.54,2291346
27/01/2017 16:00:00,49.54,49.61,49.46,49.53,1349130
30/01/2017 16:00:00,49.04,49.15,48.89,49.12,2517706
31/01/2017 16:00:00,49.37,49.41,49.11,49.36,3646024
01/02/2017 16:00:00,49.64,49.64,49.36,49.51,3632280
02/02/2017 16:00:00,49.58,49.65,49.36,49.47,2448528
03/02/2017 16:00:00,49.62,49.76,49.55,49.65,1961446
06/02/2017 16:00:00,49.15,49.23,49.03,49.18,2345647
07/02/2017 16:00:00,49.07,49.22,49.07,49.2,2331558
08/02/2017 16:00:00,49.09,49.3,48.99,49.29,1506206
09/02/2017 16:00:00,49.44,49.57,49.37,49.46,3598009
10/02/2017 16:00:00,49.3,49.53,49.27,49.47,2778907
13/02/2017 16:00:00,49.74,49.76,49.6,49.65,2474757
14/02/2017 16:00:00,49.63,49.69,49.44,49.66,2379043
15/02/2017 16:00:00,49.47,49.89,49.44,49.89,3167651
16/02/2017 16:00:00,49.96,50.09,49.93,50.09,2035495
17/02/2017 16:00:00,49.77,49.92,49.71,49.91,3813244
21/02/2017 16:00:00,49.7,49.94,49.69,49.92,3164279
22/02/2017 16:00:00,49.63,49.94,49.57,49.91,4094566
23/02/2017 16:00:00,50.06,50.1,49.9,50.03,2126832
24/02/2017 16:00:00,49.4,49.64,49.37,49.58,2722572
27/02/2017 16:00:00,49.48,49.73,49.47,49.7,1937763
28/02/2017 16:00:00,49.66,49.84,49.59,49.65,3687556
01/03/2017 16:00:00,49.98,50.32,49.96,50.17,3855508
02/03/2017 16:00:00,50.02,50.14,49.96,49.98,2195824
03/03/2017 16:00:00,50.11,50.45,50.05,50.38,4847809
06/03/2017 16:00:00,50.2,50.2,50.02,50.14,3400524
07/03/2017 16:00:00,49.87,49.98,49.76,49.89,2096488
08/03/2017 16:00:00,49.92,49.95,49.68,49.69,2809736
09/03/2017 16:00:00,49.95,50.08,49.89,50.07,2403673
10/03/2017 16:00:00,50.35,50.56,50.3,50.52,3819045
13/03/2017 16:00:00,50.59,50.72,50.57,50.7,3142709
14/03/2017 16:00:00,50.35,50.4,50.23,50.29,2131678
15/03/2017 16:00:00,50.4,51.04,50.36,51.03,3398978
16/03/2017 16:00:00,51.4,51.58,51.3,51.56,6021578
17/03/2017 16:00:00,51.62,51.76,51.48,51.63,2065941
20/03/2017 16:00:00,51.58,51.71,51.43,51.51,2343053
21/03/2017 16:00:00,52.03,52.07,51.36,51.36,3094698
22/03/2017 16:00:00,50.95,51.15,50.86,51.11,3695151
23/03/2017 16:00:00,51.02,51.4,51.02,51.28,3068135
24/03/2017 16:00:00,51.33,51.47,51.27,51.37,2516112
27/03/2017 16:00:00,51.4,51.63,51.37,51.59,2865290
28/03/2017 16:00:00,51.59,51.79,51.53,51.64,4369010
29/03/2017 16:00:00,51.32,51.58,51.29,51.58,3306609
30/03/2017 16:00:00,51.51,51.62,51.41,51.44,1987144
31/03/2017 16:00:00,51.4,51.71,51.36,51.57,2122199
03/04/2017 16:00:00,51.46,51.51,50.99,51.36,2525715
04/04/2017 16:00:00,51.22,51.41,51.12,51.4,1760892
05/04/2017 16:00:00,51.4,51.53,51.13,51.13,3916048
06/04/2017 16:00:00,51.35,51.44,51.21,51.3,2930978
07/04/2017 16:00:00,51.15,51.33,51.13,51.22,2026712
10/04/2017 16:00:00,51.16,51.3,51.14,51.15,1827880
11/04/2017 16:00:00,51.45,51.5,51.09,51.5,3365469
12/04/2017 16:00:00,51.44,51.56,51.28,51.53,3472248
13/04/2017 16:00:00,51.27,51.35,51.12,51.16,2299947
17/04/2017 16:00:00,51.41,51.51,51.37,51.51,3445752
18/04/2017 16:00:00,51.17,51.29,50.95,51.27,4303999
19/04/2017 16:00:00,51.42,51.44,51.09,51.14,2733038
20/04/2017 16:00:00,51.56,51.71,51.47,51.5,10030978
21/04/2017 16:00:00,51.38,51.46,51.3,51.44,2535040
24/04/2017 16:00:00,53.05,53.35,53.04,53.32,8713741
25/04/2017 16:00:00,53.59,53.81,53.52,53.77,7282528
26/04/2017 16:00:00,53.55,53.76,53.51,53.58,3512995
27/04/2017 16:00:00,53.61,53.71,53.49,53.68,4276757
28/04/2017 16:00:00,53.74,53.76,53.58,53.58,4565524
01/05/2017 16:00:00,53.76,53.93,53.6,53.79,3170324
02/05/2017 16:00:00,54,54.26,53.94,54.26,5305426
03/05/2017 16:00:00,54.05,54.19,53.93,54.09,8704378
04/05/2017 16:00:00,54.36,54.88,54.36,54.88,5336558
05/05/2017 16:00:00,54.99,55.59,54.94,55.59,4689792
08/05/2017 16:00:00,55,55.01,54.82,54.95,5413672
09/05/2017 16:00:00,55.01,55.05,54.8,54.91,4666336
10/05/2017 16:00:00,54.99,55.04,54.89,55.04,3193348
11/05/2017 16:00:00,54.78,54.92,54.63,54.91,6461846
12/05/2017 16:00:00,55.01,55.32,54.99,55.32,6721468
15/05/2017 16:00:00,55.44,55.63,55.42,55.62,7246067
16/05/2017 16:00:00,56.1,56.15,55.98,56.15,4999891
17/05/2017 16:00:00,55.86,55.91,55.38,55.39,6105063
18/05/2017 16:00:00,55.2,55.47,55.13,55.41,5810971
19/05/2017 16:00:00,55.93,56.21,55.93,56.19,5790619
22/05/2017 16:00:00,56.42,56.48,56.26,56.35,4501680
23/05/2017 16:00:00,56.48,56.53,56.23,56.3,8022682
24/05/2017 16:00:00,56.19,56.41,56.15,56.38,4796469
25/05/2017 16:00:00,56.39,56.48,56.26,56.37,6664947
26/05/2017 16:00:00,56.01,56.12,55.96,56.12,5184341
30/05/2017 16:00:00,55.94,56.12,55.91,56.02,3767502
31/05/2017 16:00:00,56.41,56.5,56.16,56.21,4128357
01/06/2017 16:00:00,56.36,56.6,56.3,56.6,4111934
02/06/2017 16:00:00,56.81,56.99,56.7,56.97,5410404
05/06/2017 16:00:00,56.62,56.67,56.49,56.59,4596813
06/06/2017 16:00:00,56.27,56.4,56.22,56.37,14546102
07/06/2017 16:00:00,56.44,56.55,56.09,56.4,4301348
08/06/2017 16:00:00,56.09,56.2,55.98,56.2,13605017
09/06/2017 16:00:00,55.93,56.13,55.76,56,8218446
12/06/2017 16:00:00,55.75,55.82,55.52,55.68,6907611
13/06/2017 16:00:00,56,56.16,55.93,56.14,5984408
14/06/2017 16:00:00,56.45,56.5,55.84,56.08,7773854
15/06/2017 16:00:00,55.01,55.38,55.01,55.33,8154492
16/06/2017 16:00:00,55.73,56.05,55.67,56.05,4249851
19/06/2017 16:00:00,56.26,56.36,56.19,56.25,4099912
20/06/2017 16:00:00,56.05,56.07,55.5,55.61,4073151
21/06/2017 16:00:00,54.8,54.94,54.73,54.88,4178530
22/06/2017 16:00:00,54.82,54.96,54.71,54.81,3344475
23/06/2017 16:00:00,54.84,55.1,54.74,55,2243512
26/06/2017 16:00:00,55.44,55.49,55.12,55.13,3029065
27/06/2017 16:00:00,55.24,55.43,55.13,55.27,9428798
28/06/2017 16:00:00,55.44,55.78,55.42,55.74,6351102
29/06/2017 16:00:00,55.51,55.51,54.86,55.07,8749975
30/06/2017 16:00:00,55.25,55.25,54.77,55.14,5072473
03/07/2017 16:00:00,55.13,55.29,55.12,55.13,3057671
05/07/2017 16:00:00,55,55.16,54.88,55.13,5184271
06/07/2017 16:00:00,54.82,55.13,54.59,54.93,3971078
07/07/2017 16:00:00,54.85,55.11,54.72,55.08,2240639
10/07/2017 16:00:00,55.03,55.23,54.97,55.2,2450320
11/07/2017 16:00:00,54.93,55.26,54.85,55.24,3087053
12/07/2017 16:00:00,55.63,55.8,55.59,55.71,3050013
13/07/2017 16:00:00,55.86,55.98,55.71,55.94,4279962
14/07/2017 16:00:00,56.03,56.41,55.98,56.37,3592016
17/07/2017 16:00:00,56.28,56.33,56.21,56.27,3926925
18/07/2017 16:00:00,56.2,56.28,56.12,56.25,3459599
19/07/2017 16:00:00,56.27,56.43,56.23,56.37,3682050
20/07/2017 16:00:00,56.59,56.75,56.48,56.67,5106472
21/07/2017 16:00:00,56.3,56.39,56.07,56.38,3810034
24/07/2017 16:00:00,56.07,56.23,55.92,56.17,4320811
25/07/2017 16:00:00,56.58,56.61,56.25,56.3,3226040
26/07/2017 16:00:00,56.53,56.84,56.41,56.72,3260841
27/07/2017 16:00:00,56.82,56.82,56.31,56.48,3570872
28/07/2017 16:00:00,56.34,56.55,56.24,56.54,2933819
31/07/2017 16:00:00,56.59,56.74,56.45,56.7,2502319
01/08/2017 16:00:00,57.12,57.24,56.97,57.03,5945403
02/08/2017 16:00:00,57.09,57.18,56.9,57.08,3808416
03/08/2017 16:00:00,57.11,57.27,57.03,57.13,7016411
04/08/2017 16:00:00,57.21,57.31,57.02,57.25,5185721
07/08/2017 16:00:00,57.19,57.29,57.17,57.29,1718721
08/08/2017 16:00:00,57.23,57.28,56.86,56.91,2747635
09/08/2017 16:00:00,56.53,56.89,56.48,56.88,4175354
10/08/2017 16:00:00,56.41,56.45,55.98,55.99,4124104
11/08/2017 16:00:00,55.89,56.03,55.76,55.89,2449031
14/08/2017 16:00:00,56.34,56.47,56.28,56.34,1614984
15/08/2017 16:00:00,56.2,56.3,56.02,56.25,1413506
16/08/2017 16:00:00,56.45,56.65,56.39,56.59,3207138
17/08/2017 16:00:00,56.37,56.45,55.9,55.91,3372405
18/08/2017 16:00:00,55.91,56.08,55.81,55.96,2412165
21/08/2017 16:00:00,55.99,56.1,55.84,55.99,2473490
22/08/2017 16:00:00,56.13,56.31,56.1,56.28,2624291
23/08/2017 16:00:00,56.16,56.34,56.11,56.3,2057825
24/08/2017 16:00:00,56.45,56.48,56.2,56.2,1389679
25/08/2017 16:00:00,56.48,56.78,56.41,56.66,3664489
28/08/2017 16:00:00,56.73,56.74,56.59,56.63,1855607
29/08/2017 16:00:00,56.21,56.49,56.2,56.38,2477471
30/08/2017 16:00:00,56.33,56.39,56.23,56.29,2928160
31/08/2017 16:00:00,56.48,56.76,56.43,56.74,2598394
01/09/2017 16:00:00,57.01,57.05,56.84,56.85,1687691
05/09/2017 16:00:00,56.76,56.89,56.34,56.52,2917843
06/09/2017 16:00:00,56.86,57.06,56.8,56.96,3204406
07/09/2017 16:00:00,57.48,57.49,57.3,57.49,2948057
08/09/2017 16:00:00,57.62,57.62,57.46,57.46,2006470
11/09/2017 16:00:00,57.8,58.04,57.8,57.93,1844276
12/09/2017 16:00:00,58.05,58.17,58.03,58.15,2265489
13/09/2017 16:00:00,58.04,58.07,57.72,57.77,1725247
14/09/2017 16:00:00,57.76,58,57.73,58,1653896
15/09/2017 16:00:00,58.05,58.15,57.9,58.05,2180772
18/09/2017 16:00:00,58.22,58.31,58.02,58.14,2583241
19/09/2017 16:00:00,58.38,58.44,58.27,58.43,2336574
20/09/2017 16:00:00,58.19,58.4,57.72,58.04,3589980
21/09/2017 16:00:00,57.91,58.12,57.9,58.03,1583805
22/09/2017 16:00:00,58.22,58.33,58.15,58.2,2078023
25/09/2017 16:00:00,57.94,58.06,57.65,57.76,2486662
26/09/2017 16:00:00,57.6,57.66,57.38,57.55,3369385
27/09/2017 16:00:00,57.45,57.71,57.45,57.62,2216663
28/09/2017 16:00:00,57.75,57.97,57.72,57.87,1843617
29/09/2017 16:00:00,58.1,58.42,57.97,58.33,4267399
02/10/2017 16:00:00,58.08,58.26,58.06,58.16,4224309
03/10/2017 16:00:00,58.28,58.42,58.24,58.39,2771439
04/10/2017 16:00:00,58.26,58.36,58.24,58.28,2685120
05/10/2017 16:00:00,58.14,58.26,58.11,58.21,2616695
06/10/2017 16:00:00,57.96,58.15,57.89,58.14,1753823
09/10/2017 16:00:00,58.11,58.21,58.08,58.11,1073237
10/10/2017 16:00:00,58.45,58.75,58.4,58.74,4428964
11/10/2017 16:00:00,58.72,58.88,58.68,58.87,2300373
12/10/2017 16:00:00,58.72,58.89,58.65,58.79,1812513
13/10/2017 16:00:00,58.98,59.02,58.83,58.85,1558727
16/10/2017 16:00:00,58.76,58.79,58.64,58.69,1433449
17/10/2017 16:00:00,58.49,58.5,58.33,58.43,1837101
18/10/2017 16:00:00,58.63,58.74,58.57,58.73,3965294
19/10/2017 16:00:00,58.46,58.61,58.43,58.55,2667695
20/10/2017 16:00:00,58.53,58.53,58.38,58.41,1661427
23/10/2017 16:00:00,58.39,58.44,58.2,58.21,1725218
24/10/2017 16:00:00,58.23,58.34,58.16,58.21,2411864
25/10/2017 16:00:00,58.37,58.43,57.95,58.17,2387494
26/10/2017 16:00:00,58.23,58.27,58.03,58.04,3810873
27/10/2017 16:00:00,57.9,58.03,57.77,57.96,2535200
30/10/2017 16:00:00,58.16,58.32,58.15,58.31,1549291
31/10/2017 16:00:00,58.46,58.66,58.43,58.6,2443551
01/11/2017 16:00:00,58.78,58.84,58.54,58.54,3320201
02/11/2017 16:00:00,58.45,58.69,58.45,58.69,2000956
03/11/2017 16:00:00,58.61,58.62,58.37,58.58,4025495
06/11/2017 16:00:00,58.43,58.69,58.4,58.67,2145520
07/11/2017 16:00:00,58.37,58.42,58.02,58.17,2546262
08/11/2017 16:00:00,58.08,58.26,58.01,58.2,5415042
09/11/2017 16:00:00,57.69,57.81,57.49,57.78,3052282
10/11/2017 16:00:00,57.69,57.77,57.59,57.68,1618693
13/11/2017 16:00:00,57.05,57.4,57.01,57.37,2510481
14/11/2017 16:00:00,57.4,57.59,57.27,57.57,2665920
15/11/2017 16:00:00,57.2,57.4,57.13,57.27,2075063
16/11/2017 16:00:00,57.66,57.74,57.58,57.71,1967477
17/11/2017 16:00:00,57.55,57.62,57.42,57.53,1729520
20/11/2017 16:00:00,57.74,57.81,57.6,57.62,1821808
21/11/2017 16:00:00,57.95,58.07,57.9,57.98,1866544
22/11/2017 16:00:00,58.31,58.36,57.98,58.17,1997268
24/11/2017 16:00:00,58.7,58.77,58.63,58.7,1331459
27/11/2017 16:00:00,58.64,58.66,58.29,58.29,2082725
28/11/2017 16:00:00,58.52,58.71,58.41,58.65,2905130
29/11/2017 16:00:00,58.75,58.85,58.36,58.44,3115463
30/11/2017 16:00:00,58.7,58.84,58.5,58.57,13176284
01/12/2017 16:00:00,58.32,58.49,58.06,58.33,5063125
04/12/2017 16:00:00,58.56,58.6,58.25,58.26,3545538
05/12/2017 16:00:00,58.15,58.3,57.99,58.05,3973425
06/12/2017 16:00:00,57.88,58.06,57.85,57.92,1947670
07/12/2017 16:00:00,57.94,58.24,57.91,58.08,7056753
08/12/2017 16:00:00,58.33,58.47,58.21,58.42,1907977
11/12/2017 16:00:00,58.46,58.55,58.41,58.47,2092769
12/12/2017 16:00:00,58.4,58.54,58.36,58.52,2284966
13/12/2017 16:00:00,58.58,58.74,58.45,58.6,3115955
14/12/2017 16:00:00,58.66,58.73,58.3,58.31,2632046
15/12/2017 16:00:00,58.23,58.35,58.06,58.27,4335431
18/12/2017 16:00:00,58.97,59.17,58.96,59.03,3487415
19/12/2017 16:00:00,58.79,58.79,58.5,58.68,2782876
20/12/2017 16:00:00,58.69,58.71,58.46,58.48,2626333
21/12/2017 16:00:00,58.55,58.89,58.54,58.75,2365026
22/12/2017 16:00:00,58.66,58.81,58.59,58.81,2485282
26/12/2017 16:00:00,58.7,58.92,58.7,58.78,1000751
27/12/2017 16:00:00,58.91,59.05,58.87,58.98,1679734
28/12/2017 16:00:00,59.2,59.25,59.05,59.12,3282981
29/12/2017 16:00:00,59.35,59.41,59.1,59.15,3182449
02/01/2018 16:00:00,59.34,59.57,59.23,59.54,3203054
03/01/2018 16:00:00,59.57,59.81,59.53,59.75,3227641
04/01/2018 16:00:00,60.33,60.55,60.32,60.45,4297473
05/01/2018 16:00:00,60.67,60.89,60.58,60.86,4861090
08/01/2018 16:00:00,60.7,60.71,60.6,60.69,3492067
09/01/2018 16:00:00,60.68,60.81,60.52,60.79,5295539
10/01/2018 16:00:00,60.73,60.77,60.52,60.56,5009211
11/01/2018 16:00:00,60.74,61.02,60.73,60.99,3350323
12/01/2018 16:00:00,61.47,61.79,61.41,61.77,4842092
16/01/2018 16:00:00,61.96,62.05,61.74,61.79,5918050
17/01/2018 16:00:00,61.92,62.3,61.73,62.05,4501654
18/01/2018 16:00:00,62.02,62.19,61.89,62.13,4377992
19/01/2018 16:00:00,62.41,62.48,62.19,62.44,4096623
22/01/2018 16:00:00,62.57,62.89,62.53,62.84,4526927
23/01/2018 16:00:00,62.88,63.03,62.79,62.98,4977970
24/01/2018 16:00:00,63.42,63.49,62.98,63.2,5111459
25/01/2018 16:00:00,63.54,63.6,62.81,62.94,6613166
26/01/2018 16:00:00,63.32,63.51,63.25,63.49,4116481
29/01/2018 16:00:00,62.98,63.01,62.69,62.86,4139845
30/01/2018 16:00:00,62.76,62.83,62.4,62.44,6257832
31/01/2018 16:00:00,62.77,62.79,62.32,62.48,4326645
01/02/2018 16:00:00,62.29,62.65,62.24,62.58,4877250
02/02/2018 16:00:00,61.83,61.84,61.02,61.03,5824914
05/02/2018 16:00:00,60.34,60.61,58.31,58.46,11946654
06/02/2018 16:00:00,58.32,59.85,58.27,59.81,15318934
07/02/2018 16:00:00,59.2,59.65,58.89,59.05,7884823
08/02/2018 16:00:00,59.17,59.22,57.6,57.62,8998773
09/02/2018 16:00:00,57.81,58.08,56.37,57.85,11320732
12/02/2018 16:00:00,58.17,58.67,58.03,58.61,5759421
13/02/2018 16:00:00,58.38,58.55,58.2,58.47,3421612
14/02/2018 16:00:00,58.23,59.69,58.15,59.67,4986484
15/02/2018 16:00:00,59.96,60.16,59.56,60.08,4070056
16/02/2018 16:00:00,60.04,60.47,60,60.14,3435528
20/02/2018 16:00:00,59.69,59.89,59.38,59.55,4435360
21/02/2018 16:00:00,59.69,60.08,59.23,59.25,3956008
22/02/2018 16:00:00,59.47,59.8,59.29,59.5,3965382
23/02/2018 16:00:00,59.67,59.97,59.56,59.93,3350761
26/02/2018 16:00:00,60.04,60.29,59.78,60.29,4105448
27/02/2018 16:00:00,59.89,59.91,59.28,59.29,3990583
28/02/2018 16:00:00,59.41,59.46,58.64,58.64,4084125
01/03/2018 16:00:00,58.34,58.56,57.53,58,7066096
02/03/2018 16:00:00,57.73,58.09,57.42,58.06,4865710
05/03/2018 16:00:00,57.74,58.49,57.72,58.46,6642655
06/03/2018 16:00:00,58.89,58.99,58.68,58.91,4390969
07/03/2018 16:00:00,58.76,59.11,58.63,59.06,3790344
08/03/2018 16:00:00,59.28,59.36,58.97,59.14,2920777
09/03/2018 16:00:00,59.25,59.47,59.16,59.47,4203971
12/03/2018 16:00:00,59.49,59.59,59.4,59.55,2939703
13/03/2018 16:00:00,59.67,59.73,58.97,59.04,5008564
14/03/2018 16:00:00,59.54,59.57,58.97,59.16,5191343
15/03/2018 16:00:00,59.11,59.43,59.07,59.17,4153599
16/03/2018 16:00:00,59.13,59.36,59.09,59.17,3475016
19/03/2018 16:00:00,59.1,59.12,58.62,58.87,3351819
20/03/2018 16:00:00,58.68,58.93,58.64,58.77,3394743
21/03/2018 16:00:00,58.74,59.06,58.61,58.87,3392275
22/03/2018 16:00:00,58.08,58.2,57.55,57.55,6388542
23/03/2018 16:00:00,57.88,58.02,57.2,57.2,6577966
26/03/2018 16:00:00,57.92,58.09,57.29,58.07,5955680
27/03/2018 16:00:00,58.09,58.22,57.21,57.38,5875445
28/03/2018 16:00:00,57.75,58.24,57.54,57.75,6538041
29/03/2018 16:00:00,58.2,58.37,57.93,58.15,6536302
02/04/2018 16:00:00,58.19,58.25,57.02,57.38,7264248
03/04/2018 16:00:00,57.68,57.83,57.39,57.79,4471050
04/04/2018 16:00:00,57.1,57.95,57.08,57.9,9206661
05/04/2018 16:00:00,58.3,58.58,58.28,58.44,3131098
06/04/2018 16:00:00,58.55,58.77,58.1,58.25,4104349
09/04/2018 16:00:00,58.78,59.07,58.59,58.7,4037292
10/04/2018 16:00:00,59.33,59.55,59.25,59.44,5143842
11/04/2018 16:00:00,59.26,59.48,59.1,59.13,2726913
12/04/2018 16:00:00,59.3,59.55,59.27,59.53,2653056
13/04/2018 16:00:00,59.75,59.78,59.42,59.58,2036474
16/04/2018 16:00:00,59.82,59.83,59.59,59.68,1946604
17/04/2018 16:00:00,59.93,60.17,59.88,60.09,2843681
18/04/2018 16:00:00,60.24,60.4,60.19,60.28,2804271
19/04/2018 16:00:00,60.37,60.44,59.98,60.11,2977465
20/04/2018 16:00:00,59.9,60.01,59.74,59.85,2689507
23/04/2018 16:00:00,59.82,59.95,59.66,59.86,6053245
24/04/2018 16:00:00,59.9,59.98,59.38,59.54,2826589
25/04/2018 16:00:00,59.22,59.4,59.01,59.3,2361117
26/04/2018 16:00:00,59.69,59.72,59.43,59.63,1640161
27/04/2018 16:00:00,59.54,59.74,59.38,59.69,1821441
30/04/2018 16:00:00,59.51,59.68,59.38,59.4,2865808
01/05/2018 16:00:00,59.25,59.36,58.81,59.07,4654570
02/05/2018 16:00:00,59.55,59.59,59.08,59.11,4352147
03/05/2018 16:00:00,59.29,59.4,58.84,59.35,3995484
04/05/2018 16:00:00,58.89,60,58.85,60,2418564
07/05/2018 16:00:00,59.53,59.74,59.42,59.5,5272893
08/05/2018 16:00:00,59.19,59.45,59.07,59.45,2594554
09/05/2018 16:00:00,59.6,59.95,59.58,59.83,2340825
10/05/2018 16:00:00,59.93,60.15,59.77,60.14,1634594
11/05/2018 16:00:00,60.26,60.38,60.17,60.25,1753415
14/05/2018 16:00:00,60.35,60.43,60.16,60.22,2818435
15/05/2018 16:00:00,59.75,60.03,59.57,59.83,2408205
16/05/2018 16:00:00,59.72,59.95,59.61,59.92,7661980
17/05/2018 16:00:00,60,60.22,59.93,60.12,6296561
18/05/2018 16:00:00,59.89,60,59.79,59.85,2222138
21/05/2018 16:00:00,60.25,60.31,60.1,60.27,1591935
22/05/2018 16:00:00,60.41,60.53,60.23,60.28,1840398
23/05/2018 16:00:00,59.38,59.46,59.12,59.43,3544846
24/05/2018 16:00:00,59.35,59.39,58.93,59.29,3430551
25/05/2018 16:00:00,58.77,58.89,58.6,58.78,2844562
29/05/2018 16:00:00,57.52,57.75,56.85,57.12,5688038
30/05/2018 16:00:00,57.78,58.3,57.6,58.15,6242098
31/05/2018 16:00:00,58.01,58.12,57.54,57.96,8293170
01/06/2018 16:00:00,58.44,58.54,58.14,58.45,3790337
04/06/2018 16:00:00,58.85,58.9,58.53,58.58,2455698
05/06/2018 16:00:00,58.63,58.7,58.32,58.47,4847604
06/06/2018 16:00:00,58.7,59.13,58.57,59.03,14597611
07/06/2018 16:00:00,59.11,59.16,58.56,58.65,3909228
08/06/2018 16:00:00,58.67,58.82,58.45,58.72,3514004
11/06/2018 16:00:00,59.02,59.41,58.97,59.3,3284632
12/06/2018 16:00:00,59.23,59.28,58.88,58.94,4821272
13/06/2018 16:00:00,59.19,59.24,58.85,59.08,4490944
14/06/2018 16:00:00,59.06,59.35,58.99,59.03,2661413
15/06/2018 16:00:00,58.6,58.63,58.38,58.59,1962461
18/06/2018 16:00:00,57.8,58.12,57.74,58.09,3167084
19/06/2018 16:00:00,57.27,57.63,57.17,57.61,4959305
20/06/2018 16:00:00,57.79,57.82,57.51,57.62,2322508
21/06/2018 16:00:00,57.39,57.42,57.06,57.13,3534189
22/06/2018 16:00:00,56.82,57.01,56.57,56.78,3961238
25/06/2018 16:00:00,56.33,56.42,55.85,55.96,5923264
26/06/2018 16:00:00,56,56.05,55.75,55.91,3817038
27/06/2018 16:00:00,56.03,56.25,55.41,55.43,5671278
28/06/2018 16:00:00,55.28,55.6,55.18,55.54,4834071
29/06/2018 16:00:00,56.2,56.47,56.02,56.13,3859465
02/07/2018 16:00:00,55.42,55.76,55.39,55.68,3084446
03/07/2018 13:00:00,56.23,56.28,55.92,55.94,2132241
05/07/2018 16:00:00,56.63,56.73,56.49,56.69,3370552
06/07/2018 16:00:00,56.75,57.05,56.68,56.98,2762869
09/07/2018 16:00:00,57.37,57.39,57.17,57.36,3021543
10/07/2018 16:00:00,57.41,57.56,57.37,57.52,2414682
11/07/2018 16:00:00,56.8,56.96,56.32,56.45,3530413
12/07/2018 16:00:00,56.82,57.05,56.72,56.99,1959831
13/07/2018 16:00:00,56.91,57.09,56.79,57.08,2586831
16/07/2018 16:00:00,57.08,57.19,56.97,57.13,1947287
17/07/2018 16:00:00,56.87,57.2,56.83,57.08,2784783
18/07/2018 16:00:00,57.07,57.26,56.99,57.13,2119659
19/07/2018 16:00:00,56.82,57.08,56.75,56.97,7418063
20/07/2018 16:00:00,56.97,57.38,56.96,57.3,1970198
23/07/2018 16:00:00,57.2,57.27,57.07,57.19,1415735
24/07/2018 16:00:00,57.61,57.83,57.42,57.52,2220489
25/07/2018 16:00:00,57.5,58.07,57.23,57.96,3148819
26/07/2018 16:00:00,57.65,57.77,57.54,57.59,3125747
27/07/2018 16:00:00,57.85,57.95,57.63,57.71,2117303
30/07/2018 16:00:00,58.03,58.13,57.86,57.88,1737170
31/07/2018 16:00:00,58.25,58.33,57.95,58.04,2798732
01/08/2018 16:00:00,57.8,57.93,57.52,57.64,6758597
02/08/2018 16:00:00,56.95,57.17,56.82,57.14,2671026
03/08/2018 16:00:00,57.02,57.27,56.96,57.26,1820598
06/08/2018 16:00:00,56.86,57.07,56.74,56.95,2946307
07/08/2018 16:00:00,57.51,57.55,57.32,57.36,2386462
08/08/2018 16:00:00,57.3,57.41,57.14,57.32,2260733
09/08/2018 16:00:00,57.36,57.39,57.1,57.13,1765013
10/08/2018 16:00:00,55.96,56.12,55.73,55.85,3193654
13/08/2018 16:00:00,55.82,55.94,55.56,55.68,3484878
14/08/2018 16:00:00,55.68,55.74,55.46,55.54,8056671
15/08/2018 16:00:00,54.71,54.73,54.26,54.6,6155079
16/08/2018 16:00:00,54.95,55.25,54.94,55.02,2814175
17/08/2018 16:00:00,54.89,55.47,54.89,55.33,3029496
20/08/2018 16:00:00,55.62,55.78,55.61,55.74,2016075
21/08/2018 16:00:00,56.27,56.54,56.16,56.35,2886475
22/08/2018 16:00:00,56.59,56.69,56.47,56.54,2171020
23/08/2018 16:00:00,56.41,56.51,56.12,56.16,2554044
24/08/2018 16:00:00,56.51,56.72,56.43,56.65,2232285
27/08/2018 16:00:00,56.99,57.39,56.99,57.36,2382512
28/08/2018 16:00:00,57.54,57.58,57.26,57.28,2573419
29/08/2018 16:00:00,57.19,57.58,57.14,57.57,2554922
30/08/2018 16:00:00,57.09,57.18,56.91,57.01,2513155
31/08/2018 16:00:00,56.55,56.76,56.17,56.4,3512878
04/09/2018 16:00:00,55.67,55.95,55.58,55.94,2891730
05/09/2018 16:00:00,55.77,55.85,55.4,55.59,4226802
06/09/2018 16:00:00,55.5,55.68,55.12,55.34,2719870
07/09/2018 16:00:00,54.79,55.08,54.75,54.92,3721026
10/09/2018 16:00:00,55.47,55.53,55.36,55.42,2228324
11/09/2018 16:00:00,55.05,55.44,54.98,55.43,3011263
12/09/2018 16:00:00,55.51,55.88,55.49,55.68,3306681
13/09/2018 16:00:00,56.15,56.23,55.89,56.08,3568695
14/09/2018 16:00:00,56.06,56.15,55.82,55.95,3232281
17/09/2018 16:00:00,56.26,56.37,56.05,56.07,3117068
18/09/2018 16:00:00,56.23,56.49,56.23,56.37,2281037
19/09/2018 16:00:00,56.31,56.56,56.31,56.5,2164261
20/09/2018 16:00:00,57.27,57.49,57.13,57.43,2755012
21/09/2018 16:00:00,57.36,57.45,57.32,57.38,2549185
24/09/2018 16:00:00,57.46,57.5,57.12,57.15,2438051
25/09/2018 16:00:00,57.51,57.6,57.36,57.43,1644174
26/09/2018 16:00:00,57.04,57.52,57,57.14,2844157
27/09/2018 16:00:00,57.03,57.24,56.87,56.9,2704934
28/09/2018 16:00:00,56.23,56.52,56.14,56.22,5431271
01/10/2018 16:00:00,56.53,56.57,56.21,56.26,2823186
02/10/2018 16:00:00,55.82,56.01,55.76,55.9,2633684
03/10/2018 16:00:00,56.27,56.32,56.02,56.08,2578353
04/10/2018 16:00:00,55.67,55.76,55.18,55.37,2599628
05/10/2018 16:00:00,55.1,55.13,54.72,54.94,3842556
08/10/2018 16:00:00,54.09,54.42,53.99,54.39,3698585
09/10/2018 16:00:00,53.89,54.46,53.82,54.34,2796338
10/10/2018 16:00:00,54.07,54.11,53.11,53.23,6223493
11/10/2018 16:00:00,53.25,53.35,52.29,52.58,9587187
12/10/2018 16:00:00,53.06,53.11,52.26,52.76,6185676
15/10/2018 16:00:00,52.65,52.91,52.55,52.72,3451207
16/10/2018 16:00:00,53.49,53.75,53.41,53.71,3386408
17/10/2018 16:00:00,53.37,53.44,52.98,53.18,3916350
18/10/2018 16:00:00,52.96,53.07,52.15,52.31,5609853
19/10/2018 16:00:00,52.46,52.89,52.43,52.67,4624141
22/10/2018 16:00:00,52.57,52.64,52.18,52.29,2883888
23/10/2018 16:00:00,51.53,52.07,51.23,51.88,9193258
24/10/2018 16:00:00,51.55,51.61,50.39,50.41,8586075
25/10/2018 16:00:00,50.93,51.32,50.72,51.1,8692777
26/10/2018 16:00:00,50.58,51.17,50.15,50.85,13813570
29/10/2018 16:00:00,51.52,51.63,50.49,50.9,9413715
30/10/2018 16:00:00,50.89,51.36,50.83,51.36,7203985
31/10/2018 16:00:00,51.8,52.1,51.73,51.78,8170887
01/11/2018 16:00:00,52.45,52.93,52.23,52.62,5906946
02/11/2018 16:00:00,52.98,53.13,52.36,52.67,5970545
05/11/2018 16:00:00,52.68,52.78,52.47,52.66,2231924
06/11/2018 16:00:00,52.5,52.77,52.46,52.77,2860455
07/11/2018 16:00:00,53.29,53.48,53.13,53.48,3442974
08/11/2018 16:00:00,53.24,53.37,52.75,52.83,3905323
09/11/2018 16:00:00,52.58,52.68,52.33,52.59,5315641
12/11/2018 16:00:00,52,52.02,51.45,51.48,2820821
13/11/2018 16:00:00,51.71,52.21,51.64,51.85,4666009
14/11/2018 16:00:00,52.28,52.32,51.65,51.97,5433408
15/11/2018 16:00:00,51.35,51.97,51.06,51.87,7707434
16/11/2018 16:00:00,51.52,51.91,51.44,51.85,3807928
19/11/2018 16:00:00,51.85,51.88,51.26,51.39,4334820
20/11/2018 16:00:00,50.64,50.9,50.36,50.44,6884178
21/11/2018 16:00:00,51.01,51.35,50.9,51.18,3567748
23/11/2018 13:00:00,50.62,50.87,50.62,50.75,2051972
26/11/2018 16:00:00,51.36,51.58,51.35,51.57,4088735
27/11/2018 16:00:00,51.17,51.31,50.98,51.28,5137424
28/11/2018 16:00:00,51.3,52.04,51.06,52.01,4810275
29/11/2018 16:00:00,51.72,51.9,51.35,51.76,4522533
30/11/2018 16:00:00,51.4,51.48,51.18,51.43,4151428
03/12/2018 16:00:00,52.13,52.16,51.83,52.04,5729056
04/12/2018 16:00:00,51.87,51.94,50.73,50.78,6780094
06/12/2018 16:00:00,49.8,50.22,49.29,50.15,7562128
07/12/2018 16:00:00,50.21,50.44,49.54,49.66,7912952
10/12/2018 16:00:00,49.45,49.56,48.77,49.23,7475881
11/12/2018 16:00:00,49.79,49.82,49.13,49.41,10282215
12/12/2018 16:00:00,50.16,50.58,50.16,50.32,6639153
13/12/2018 16:00:00,50.31,50.46,50.12,50.2,5918610
14/12/2018 16:00:00,49.61,49.8,49.44,49.45,5669862
17/12/2018 16:00:00,49.38,49.4,48.79,48.98,9404501
18/12/2018 16:00:00,49.26,49.39,48.9,49.01,9011395
19/12/2018 16:00:00,49.38,49.64,48.51,48.67,9526457
20/12/2018 16:00:00,48.88,48.97,48.4,48.45,14880602
21/12/2018 16:00:00,48.45,48.7,47.82,47.87,12444345
24/12/2018 13:00:00,47.43,47.84,46.95,46.99,5545498
26/12/2018 16:00:00,47.12,48.16,46.8,48.16,10756579
27/12/2018 16:00:00,47.34,47.99,46.96,47.94,13086857
28/12/2018 16:00:00,48.53,48.62,48.25,48.4,10742997
31/12/2018 16:00:00,48.73,48.76,48.41,48.62,10719100
02/01/2019 16:00:00,47.97,48.38,47.85,48.35,5273577
03/01/2019 16:00:00,48.19,48.24,47.9,47.99,5106180
04/01/2019 16:00:00,48.68,49.53,48.67,49.43,5387616
07/01/2019 16:00:00,49.49,49.8,49.36,49.65,5431364
08/01/2019 16:00:00,50.12,50.19,49.87,50.05,4972984
09/01/2019 16:00:00,50.56,50.74,50.4,50.68,4154631
10/01/2019 16:00:00,50.48,50.78,50.41,50.74,4076436
11/01/2019 16:00:00,50.51,50.65,50.35,50.53,6960657
14/01/2019 16:00:00,50.1,50.41,50.06,50.28,5019968
15/01/2019 16:00:00,50.15,50.4,49.99,50.34,6426279
16/01/2019 16:00:00,50.33,50.5,50.32,50.43,3542295
17/01/2019 16:00:00,50.2,50.76,50.2,50.64,4774605
18/01/2019 16:00:00,51.21,51.3,51.03,51.24,6185004
22/01/2019 16:00:00,50.77,50.9,50.51,50.57,6274590
23/01/2019 16:00:00,51.07,51.15,50.75,50.96,4243839
24/01/2019 16:00:00,50.89,51.06,50.71,50.89,4358160
25/01/2019 16:00:00,51.35,51.54,51.32,51.44,4049036
28/01/2019 16:00:00,51.07,51.25,50.98,51.2,4264069
29/01/2019 16:00:00,51.58,51.69,51.41,51.46,4069033
30/01/2019 16:00:00,51.62,52.1,51.47,51.93,3685640
31/01/2019 16:00:00,51.77,52.01,51.63,51.87,3440498
01/02/2019 16:00:00,51.91,52.11,51.77,51.93,4405879
04/02/2019 16:00:00,51.8,52.09,51.69,52.07,2815227
05/02/2019 16:00:00,52.37,52.54,52.31,52.53,4424939
06/02/2019 16:00:00,52.44,52.53,52.28,52.34,2817339
07/02/2019 16:00:00,51.91,51.95,51.48,51.56,6466013
08/02/2019 16:00:00,51.23,51.4,51.03,51.37,3373511
11/02/2019 16:00:00,51.33,51.45,51.19,51.28,3009095
12/02/2019 16:00:00,51.62,51.85,51.62,51.85,3092735
13/02/2019 16:00:00,51.98,52.09,51.83,51.83,2424033
14/02/2019 16:00:00,51.82,52.04,51.73,51.83,4387094
15/02/2019 16:00:00,52.42,52.63,52.31,52.63,3815909
19/02/2019 16:00:00,52.47,52.96,52.47,52.92,3531421
20/02/2019 16:00:00,52.91,53.35,52.91,53.18,5015202
21/02/2019 16:00:00,53.08,53.12,52.86,52.94,5942128
22/02/2019 16:00:00,53.1,53.22,53.04,53.13,2702098
25/02/2019 16:00:00,53.37,53.45,53.2,53.24,2816629
26/02/2019 16:00:00,53.42,53.73,53.41,53.64,3333300
27/02/2019 16:00:00,53.54,53.63,53.38,53.42,3258698
28/02/2019 16:00:00,53.47,53.69,53.44,53.51,2093924
01/03/2019 16:00:00,53.9,54.02,53.71,53.89,4174756
04/03/2019 16:00:00,53.93,53.98,53.47,53.67,3980405
05/03/2019 16:00:00,53.64,53.84,53.55,53.74,3079236
06/03/2019 16:00:00,53.88,53.88,53.6,53.63,2714357
07/03/2019 16:00:00,53.33,53.37,52.78,52.78,4291175
08/03/2019 16:00:00,52.53,52.82,52.5,52.81,3805354
11/03/2019 16:00:00,52.81,53.25,52.8,53.25,2357282
12/03/2019 16:00:00,53.19,53.32,53.16,53.23,2240887
13/03/2019 16:00:00,53.55,53.89,53.53,53.86,2849203
14/03/2019 16:00:00,54.05,54.2,54,54.07,2693951
15/03/2019 16:00:00,54.44,54.69,54.44,54.66,5134090
18/03/2019 16:00:00,54.75,54.9,54.67,54.89,2338660
19/03/2019 16:00:00,55.3,55.34,54.97,55.07,3081799
20/03/2019 16:00:00,54.91,55.38,54.66,55.13,4099020
21/03/2019 16:00:00,54.63,54.91,54.58,54.9,8505662
22/03/2019 16:00:00,54.05,54.14,53.57,53.62,8782306
25/03/2019 16:00:00,53.28,53.42,53.14,53.32,5875144
26/03/2019 16:00:00,53.58,53.67,53.42,53.5,2552122
27/03/2019 16:00:00,53.67,53.77,53.23,53.63,5187810
28/03/2019 16:00:00,53.47,53.52,53.18,53.36,3281874
29/03/2019 16:00:00,53.63,53.69,53.33,53.61,3502160
01/04/2019 16:00:00,54.16,54.32,54.09,54.31,4328698
02/04/2019 16:00:00,54.31,54.55,54.22,54.54,8144890
03/04/2019 16:00:00,54.9,55.14,54.85,55.04,4100340
04/04/2019 16:00:00,54.85,54.96,54.79,54.89,2916298
05/04/2019 16:00:00,54.87,55.06,54.87,55.04,1666288
08/04/2019 16:00:00,55.13,55.19,54.96,55.1,1714701
09/04/2019 16:00:00,54.92,54.94,54.74,54.78,2036698
10/04/2019 16:00:00,54.85,55.05,54.78,55.01,2616946
11/04/2019 16:00:00,55.07,55.14,54.91,55.03,2081332
12/04/2019 16:00:00,55.36,55.42,55.28,55.39,2446143
15/04/2019 16:00:00,55.49,55.52,55.35,55.49,1961196
16/04/2019 16:00:00,55.64,55.68,55.51,55.53,1634368
17/04/2019 16:00:00,55.79,55.79,55.59,55.72,2182018
18/04/2019 16:00:00,55.6,55.67,55.47,55.57,2309915
22/04/2019 16:00:00,55.55,55.7,55.53,55.62,1354956
23/04/2019 16:00:00,55.38,55.59,55.34,55.56,1990478
24/04/2019 16:00:00,55.39,55.43,55.15,55.21,3279620
25/04/2019 16:00:00,54.96,55.13,54.9,55.12,2913975
26/04/2019 16:00:00,55.14,55.28,55.05,55.24,1638894
29/04/2019 16:00:00,55.25,55.51,55.22,55.47,2626352
30/04/2019 16:00:00,55.52,55.77,55.41,55.71,3639087
01/05/2019 16:00:00,55.77,55.84,55.26,55.26,4557369
02/05/2019 16:00:00,55.34,55.36,55,55.07,4236286
03/05/2019 16:00:00,55.34,55.65,55.31,55.63,3335777
06/05/2019 16:00:00,54.44,55.19,54.43,55.11,6133503
07/05/2019 16:00:00,54.54,54.59,53.94,54.09,4554511
08/05/2019 16:00:00,54.26,54.5,54.17,54.36,4830943
09/05/2019 16:00:00,53.75,54.14,53.63,54.03,4406145
10/05/2019 16:00:00,54.02,54.48,53.83,54.45,6163669
13/05/2019 16:00:00,53.41,53.48,53.07,53.15,5018241
14/05/2019 16:00:00,53.46,53.82,53.44,53.66,3666749
15/05/2019 16:00:00,53.25,53.97,53.22,53.9,4939713
16/05/2019 16:00:00,54.08,54.51,54.05,54.36,2017376
17/05/2019 16:00:00,54.02,54.24,53.96,54.01,3039472
20/05/2019 16:00:00,53.58,53.82,53.5,53.64,2020498
21/05/2019 16:00:00,53.93,54.13,53.81,54.03,2521874
22/05/2019 16:00:00,53.77,53.99,53.77,53.84,1559925
23/05/2019 16:00:00,53.13,53.26,52.97,53.2,2631417
24/05/2019 16:00:00,53.72,53.83,53.63,53.82,2002728
28/05/2019 16:00:00,53.75,53.82,53.22,53.22,2482917
29/05/2019 16:00:00,52.67,52.77,52.5,52.75,3350961
30/05/2019 16:00:00,52.89,53.05,52.83,53.03,2252540
31/05/2019 16:00:00,52.33,52.6,52.14,52.55,3123093
03/06/2019 16:00:00,52.68,52.99,52.56,52.92,4681829
04/06/2019 16:00:00,53.43,53.61,53.27,53.59,3837482
05/06/2019 16:00:00,53.83,53.83,53.51,53.57,2156185
06/06/2019 16:00:00,53.78,53.96,53.65,53.85,4254750
07/06/2019 16:00:00,54.36,54.73,54.36,54.56,2373159
10/06/2019 16:00:00,54.58,54.77,54.55,54.64,3946367
11/06/2019 16:00:00,55.09,55.18,54.87,54.99,3225686
12/06/2019 16:00:00,54.83,54.94,54.63,54.63,1681289
13/06/2019 16:00:00,54.82,54.84,54.63,54.69,1515281
14/06/2019 16:00:00,54.3,54.31,54.2,54.24,2391522
17/06/2019 16:00:00,53.26,53.4,53.18,53.22,6729010
18/06/2019 16:00:00,53.76,54.09,53.76,54.04,6722968
19/06/2019 16:00:00,54.06,54.4,54.04,54.26,3061774
20/06/2019 16:00:00,54.91,54.95,54.6,54.76,2496556
21/06/2019 16:00:00,54.62,54.87,54.57,54.72,9036189
24/06/2019 16:00:00,54.87,54.95,54.8,54.84,4844356
25/06/2019 16:00:00,54.84,54.87,54.42,54.43,9352277
26/06/2019 16:00:00,54.62,54.68,54.5,54.52,1748809
27/06/2019 16:00:00,54.6,54.64,54.52,54.53,1912822
28/06/2019 16:00:00,54.83,55.02,54.76,54.9,3196720
01/07/2019 16:00:00,55.34,55.39,54.94,55.1,2056888
02/07/2019 16:00:00,55.17,55.27,55.11,55.21,1339620
03/07/2019 13:00:00,55.56,55.67,55.54,55.64,3305958
05/07/2019 16:00:00,55.11,55.14,54.78,55.08,2486888
08/07/2019 16:00:00,54.88,54.94,54.8,54.82,2206450
09/07/2019 16:00:00,54.44,54.65,54.4,54.59,1475829
10/07/2019 16:00:00,54.87,54.98,54.67,54.76,3289806
11/07/2019 16:00:00,54.89,54.9,54.58,54.73,1923558
12/07/2019 16:00:00,54.7,54.75,54.59,54.75,925434
15/07/2019 16:00:00,54.88,54.94,54.78,54.83,1476612
16/07/2019 16:00:00,54.77,54.87,54.63,54.65,2266727
17/07/2019 16:00:00,54.8,54.81,54.52,54.52,2465080
18/07/2019 16:00:00,54.44,54.78,54.35,54.76,2622301
19/07/2019 16:00:00,54.56,54.63,54.43,54.45,2356507
22/07/2019 16:00:00,54.58,54.65,54.47,54.57,1740419
23/07/2019 16:00:00,54.85,54.95,54.75,54.9,1581827
24/07/2019 16:00:00,54.72,54.91,54.7,54.88,1730173
25/07/2019 16:00:00,54.83,54.83,54.33,54.36,3555137
26/07/2019 16:00:00,54.6,54.63,54.5,54.57,2025659
29/07/2019 16:00:00,54.76,54.8,54.59,54.65,1660233
30/07/2019 16:00:00,53.91,53.95,53.7,53.79,3760507
31/07/2019 16:00:00,53.85,53.99,53.07,53.47,4581105
01/08/2019 16:00:00,53.41,53.9,53.07,53.26,4309814
02/08/2019 16:00:00,53.06,53.16,52.57,52.77,3426853
05/08/2019 16:00:00,52.03,52.07,51.38,51.65,5767514
06/08/2019 16:00:00,52.04,52.11,51.59,51.93,4878696
07/08/2019 16:00:00,51.69,52.21,51.58,52.13,4888958
08/08/2019 16:00:00,52.38,52.8,52.3,52.6,4595155
09/08/2019 16:00:00,52.45,52.53,52.2,52.35,2236682
12/08/2019 16:00:00,52.16,52.35,51.9,51.97,2500891
13/08/2019 16:00:00,51.79,52.54,51.74,52.39,5302039
14/08/2019 16:00:00,51.34,51.44,50.9,50.9,4375662
15/08/2019 16:00:00,50.9,51.08,50.66,50.89,5512309
16/08/2019 16:00:00,51.16,51.57,51.16,51.55,4203389
19/08/2019 16:00:00,52.08,52.15,51.92,51.93,2404783
20/08/2019 16:00:00,51.84,51.86,51.6,51.67,2436486
21/08/2019 16:00:00,52.44,52.44,52.21,52.28,3247716
22/08/2019 16:00:00,52.31,52.39,51.98,52.18,1914569
23/08/2019 16:00:00,52.09,52.47,51.56,51.56,5919101
26/08/2019 16:00:00,51.94,52,51.72,51.9,4542728
27/08/2019 16:00:00,52.17,52.26,51.93,51.93,3095513
28/08/2019 16:00:00,51.68,52.03,51.53,51.84,2978332
29/08/2019 16:00:00,52.36,52.44,52.2,52.35,3799347
30/08/2019 16:00:00,52.78,52.79,52.35,52.59,2857414
03/09/2019 16:00:00,52.18,52.42,52.13,52.38,2651289
04/09/2019 16:00:00,53.03,53.25,52.97,53.25,2855775
05/09/2019 16:00:00,53.64,53.76,53.48,53.51,7607952
06/09/2019 16:00:00,53.65,53.77,53.62,53.66,2200145
09/09/2019 16:00:00,53.74,53.74,53.59,53.68,2230777
10/09/2019 16:00:00,53.56,53.86,53.47,53.74,2964853
11/09/2019 16:00:00,53.82,54.06,53.78,54.03,2846760
12/09/2019 16:00:00,53.96,54.45,53.91,54.38,4777394
13/09/2019 16:00:00,54.59,54.71,54.49,54.55,4860588
16/09/2019 16:00:00,54.17,54.2,53.97,54.04,2507283
17/09/2019 16:00:00,53.97,54.3,53.91,54.27,2634905
18/09/2019 16:00:00,54.2,54.35,53.95,54.24,1923941
19/09/2019 16:00:00,54.53,54.58,54.39,54.41,2384270
20/09/2019 16:00:00,54.47,54.56,54.21,54.22,2668714
23/09/2019 16:00:00,53.84,54.08,53.8,54.08,2850146
24/09/2019 16:00:00,53.75,53.82,53.43,53.46,5036836
25/09/2019 16:00:00,53.03,53.22,52.8,53.15,4839365
26/09/2019 16:00:00,53.44,53.56,53.32,53.42,3195635
27/09/2019 16:00:00,53.57,53.67,53.31,53.42,3619321
30/09/2019 16:00:00,53.47,53.71,53.47,53.61,2849338
01/10/2019 16:00:00,53.43,53.45,52.93,53.02,6796033
02/10/2019 16:00:00,52.17,52.19,51.62,51.7,5788950
03/10/2019 16:00:00,51.76,52.08,51.51,52.08,3537756
04/10/2019 16:00:00,52.15,52.52,52.09,52.5,2642154
07/10/2019 16:00:00,52.49,52.77,52.49,52.5,3675127
08/10/2019 16:00:00,52.12,52.16,51.85,51.9,3773145
09/10/2019 16:00:00,52.28,52.42,52.18,52.35,4666564
10/10/2019 16:00:00,52.4,52.84,52.34,52.84,4293772
11/10/2019 16:00:00,53.87,54.22,53.84,53.98,5646556
14/10/2019 16:00:00,53.68,53.87,53.65,53.78,2010713
15/10/2019 16:00:00,53.95,54.64,53.92,54.47,4659738
16/10/2019 16:00:00,54.45,54.68,54.4,54.54,2325349
17/10/2019 16:00:00,54.95,55,54.63,54.8,2066849
18/10/2019 16:00:00,54.77,54.94,54.6,54.86,1803112
21/10/2019 16:00:00,55.21,55.27,55.07,55.11,2485244
22/10/2019 16:00:00,55.05,55.29,54.86,54.88,3355392
23/10/2019 16:00:00,54.98,55.21,54.94,55.2,1842029
24/10/2019 16:00:00,55.48,55.48,55.2,55.34,2614518
25/10/2019 16:00:00,55.15,55.37,55.11,55.33,4908057
28/10/2019 16:00:00,55.49,55.64,55.42,55.61,1604856
29/10/2019 16:00:00,55.33,55.58,55.28,55.54,1895292
30/10/2019 16:00:00,55.46,55.85,55.23,55.84,3698469
31/10/2019 16:00:00,55.67,55.67,55.43,55.67,3390995
01/11/2019 16:00:00,55.88,56.09,55.87,56.09,3905991
04/11/2019 16:00:00,56.48,56.55,56.27,56.37,2093183
05/11/2019 16:00:00,56.24,56.27,56.1,56.25,3424447
06/11/2019 16:00:00,56.3,56.36,56.14,56.22,2727203
07/11/2019 16:00:00,56.47,56.49,56.28,56.34,3775496
08/11/2019 16:00:00,56.13,56.28,56,56.28,1969933
11/11/2019 16:00:00,56.05,56.27,56.03,56.27,1093528
12/11/2019 16:00:00,56.27,56.38,56.16,56.23,3190303
13/11/2019 16:00:00,55.97,56.17,55.97,56.13,2061617
14/11/2019 16:00:00,55.94,56.11,55.88,56.09,11051207
15/11/2019 16:00:00,56.22,56.44,56.18,56.44,5066522
18/11/2019 16:00:00,56.37,56.58,56.3,56.53,2381467
19/11/2019 16:00:00,56.73,56.76,56.36,56.44,2551833
20/11/2019 16:00:00,56.12,56.21,55.91,56.08,3402400
21/11/2019 16:00:00,56.02,56.05,55.82,56.01,3255106
22/11/2019 16:00:00,56.25,56.26,55.99,56.1,4281883
25/11/2019 16:00:00,56.35,56.56,56.35,56.56,3231800
26/11/2019 16:00:00,56.54,56.66,56.52,56.63,1917931
27/11/2019 16:00:00,56.64,56.77,56.61,56.73,1690834
29/11/2019 13:00:00,56.49,56.58,56.38,56.39,1242475
02/12/2019 16:00:00,56.3,56.33,55.86,56.06,4695939
03/12/2019 16:00:00,55.55,55.84,55.38,55.8,2594950
04/12/2019 16:00:00,56.13,56.33,56.09,56.3,2264813
05/12/2019 16:00:00,56.44,56.45,56.19,56.31,2738165
06/12/2019 16:00:00,56.7,56.76,56.6,56.76,1892564
09/12/2019 16:00:00,56.65,56.76,56.51,56.51,1746872
10/12/2019 16:00:00,56.47,56.67,56.35,56.56,2238348
11/12/2019 16:00:00,56.54,56.9,56.53,56.86,2454665
12/12/2019 16:00:00,56.91,57.33,56.86,57.3,3239074
13/12/2019 16:00:00,57.87,58.22,57.68,57.89,5423240
16/12/2019 16:00:00,58.65,58.74,58.56,58.64,3107133
17/12/2019 16:00:00,58.3,58.35,58.21,58.22,3587296
18/12/2019 16:00:00,58.16,58.21,58.02,58.11,3522084
19/12/2019 16:00:00,58.05,58.18,57.97,58.18,1655125
20/12/2019 16:00:00,58.31,58.38,58.23,58.24,1915198
23/12/2019 16:00:00,58.06,58.13,58.03,58.12,1694420
24/12/2019 13:00:00,58.15,58.16,58.03,58.09,955992
26/12/2019 16:00:00,58.23,58.4,58.18,58.38,1275040
27/12/2019 16:00:00,58.74,58.77,58.58,58.65,1820642
30/12/2019 16:00:00,58.67,58.7,58.18,58.19,3267299
31/12/2019 16:00:00,58.29,58.6,58.1,58.6,2307470
02/01/2020 16:00:00,58.91,59.09,58.8,59.09,2914366
03/01/2020 16:00:00,58.3,58.67,58.28,58.35,3169628
06/01/2020 16:00:00,58.19,58.58,58.19,58.57,2514722
07/01/2020 16:00:00,58.42,58.42,58.22,58.28,3094737
08/01/2020 16:00:00,58.17,58.59,58.17,58.43,5358589
09/01/2020 16:00:00,58.48,58.5,58.32,58.49,2302042
10/01/2020 16:00:00,58.42,58.5,58.13,58.21,3987626
13/01/2020 16:00:00,58.25,58.5,58.15,58.5,3164989
14/01/2020 16:00:00,58.33,58.6,58.31,58.54,3045438
15/01/2020 16:00:00,58.54,58.66,58.45,58.56,1671240
16/01/2020 16:00:00,58.65,58.84,58.56,58.84,1910759
17/01/2020 16:00:00,59.06,59.07,58.91,59.07,1521731
21/01/2020 16:00:00,58.86,58.88,58.64,58.64,2248582
22/01/2020 16:00:00,58.82,58.83,58.64,58.7,2705829
23/01/2020 16:00:00,58.37,58.52,58.06,58.46,8708443
24/01/2020 16:00:00,58.74,58.74,58.17,58.25,3078134
27/01/2020 16:00:00,57.17,57.35,57.05,57.05,2488230
28/01/2020 16:00:00,57.28,57.66,57.23,57.64,2788992
29/01/2020 16:00:00,57.73,57.88,57.58,57.71,1539365
30/01/2020 16:00:00,57.25,57.71,57.18,57.68,3462389
31/01/2020 16:00:00,57.23,57.26,56.61,56.79,4368352
03/02/2020 16:00:00,56.79,57.09,56.78,56.81,1934692
04/02/2020 16:00:00,57.68,57.82,57.64,57.76,2042090
05/02/2020 16:00:00,58.31,58.42,58.18,58.33,4459314
06/02/2020 16:00:00,58.4,58.47,58.32,58.43,1573606
07/02/2020 16:00:00,58.07,58.14,57.86,57.87,2571178
10/02/2020 16:00:00,57.85,58.09,57.83,58.05,3260194
11/02/2020 16:00:00,58.39,58.58,58.37,58.48,5291873
12/02/2020 16:00:00,58.79,58.84,58.64,58.84,3940091
13/02/2020 16:00:00,58.35,58.58,58.2,58.45,1975924
14/02/2020 16:00:00,58.53,58.56,58.31,58.46,1466091
18/02/2020 16:00:00,58.14,58.31,58.11,58.21,1647889
19/02/2020 16:00:00,58.45,58.59,58.41,58.59,4387186
20/02/2020 16:00:00,58.4,58.56,57.99,58.24,2763626
21/02/2020 16:00:00,58.14,58.2,57.92,58.05,2696981
24/02/2020 16:00:00,55.53,56,55.5,55.55,3954497
25/02/2020 16:00:00,55.6,55.62,54.26,54.29,6389296
26/02/2020 16:00:00,54.74,55.15,54.28,54.34,7013122
27/02/2020 16:00:00,53.49,54.08,52.63,52.65,11984067
28/02/2020 16:00:00,51.45,52.34,50.96,52.27,15148924
02/03/2020 16:00:00,52.44,53.17,51.87,53.14,12663144
03/03/2020 16:00:00,53.77,54.3,52.34,52.69,8903433
04/03/2020 16:00:00,53.77,54.58,53.31,54.51,10401376
05/03/2020 16:00:00,53.09,53.41,52.48,52.67,8064884
06/03/2020 16:00:00,51.81,52.28,51.39,51.95,7244688
09/03/2020 16:00:00,48.63,49.39,47.34,47.47,11599470
10/03/2020 16:00:00,49.24,49.4,47.41,49.15,15156378
11/03/2020 16:00:00,47.75,47.91,45.9,46.33,14095508
12/03/2020 16:00:00,42.76,42.86,40.43,41.08,10230356
13/03/2020 16:00:00,43.74,43.79,40.78,43.64,8254547
16/03/2020 16:00:00,37.68,39.97,37.16,38.5,8679453
17/03/2020 16:00:00,38.64,40.17,38.02,40.11,8526241
18/03/2020 16:00:00,37.46,38.36,36.29,37.15,11841606
19/03/2020 16:00:00,37.13,38.84,36.92,38.06,10570773
20/03/2020 16:00:00,39.11,39.6,37.5,37.54,8036629
23/03/2020 16:00:00,37.68,38.11,36.93,37.1,10421587
24/03/2020 16:00:00,39.84,40.71,39.34,40.46,12409228
25/03/2020 16:00:00,41.08,42.7,40.36,41.99,9364513
26/03/2020 16:00:00,42.11,44.13,42.1,44.05,7000891
27/03/2020 16:00:00,42.1,43.35,41.72,42.59,9933277
30/03/2020 16:00:00,42.44,43.33,42.23,43.3,7179972
31/03/2020 16:00:00,43.05,43.68,42.74,43.28,7176313
01/04/2020 16:00:00,42.02,42.4,41.34,41.38,6718789
02/04/2020 16:00:00,41.39,42.46,41.36,42.17,7903785
03/04/2020 16:00:00,41.59,41.68,40.96,41.29,5113139
06/04/2020 16:00:00,42.69,43.48,42.54,43.33,8061229
07/04/2020 16:00:00,44.69,44.76,43.5,43.59,7931075
08/04/2020 16:00:00,43.9,44.36,43.55,44.25,4784659
09/04/2020 16:00:00,44.93,45.51,44.71,45.36,5998996
13/04/2020 16:00:00,45.12,45.34,44.38,44.74,6479237
14/04/2020 16:00:00,45.38,45.79,45.29,45.5,5336774
15/04/2020 16:00:00,43.9,44.03,43.53,43.64,5627941
16/04/2020 16:00:00,43.98,44.06,43.3,43.77,6203872
17/04/2020 16:00:00,45.05,45.33,44.68,45.25,4587039
20/04/2020 16:00:00,44.7,45.35,44.6,44.6,5881816
21/04/2020 16:00:00,43.88,44.32,43.56,43.69,5439278
22/04/2020 16:00:00,44.4,44.44,44.16,44.39,3843216
23/04/2020 16:00:00,44.42,45.09,43.98,44.12,4963270
24/04/2020 16:00:00,44.51,44.76,44.14,44.74,3494153
27/04/2020 16:00:00,44.92,45.41,44.88,45.33,3679633
28/04/2020 16:00:00,46.21,46.23,45.55,45.55,4794520
29/04/2020 16:00:00,46.58,47.08,46.51,46.93,4234876
30/04/2020 16:00:00,46.31,46.5,45.83,46.07,5592211
01/05/2020 16:00:00,45.43,45.6,44.96,45.11,4479658
04/05/2020 16:00:00,44.79,45.09,44.57,45.09,4769069
05/05/2020 16:00:00,45.21,45.41,44.89,44.93,6153448
06/05/2020 16:00:00,45.29,45.33,44.64,44.64,5120077
07/05/2020 16:00:00,45.32,45.64,45.14,45.42,4129716
08/05/2020 16:00:00,45.94,46.21,45.9,46.19,3816638
11/05/2020 16:00:00,45.67,46.06,45.58,45.94,2658252
12/05/2020 16:00:00,46.14,46.2,45.36,45.36,5095937
13/05/2020 16:00:00,45.48,45.51,44.54,44.79,7634447
14/05/2020 16:00:00,43.69,44.44,43.39,44.39,7470307
15/05/2020 16:00:00,44.28,44.61,44.1,44.47,3811407
18/05/2020 16:00:00,45.68,46.62,45.67,46.48,4858136
19/05/2020 16:00:00,46.18,46.39,45.79,45.79,5113931
20/05/2020 16:00:00,46.73,47.06,46.58,46.86,4976062
21/05/2020 16:00:00,46.88,47.01,46.31,46.44,5407167
22/05/2020 16:00:00,46.21,46.42,46.02,46.38,3351483
26/05/2020 16:00:00,47.73,47.92,47.58,47.63,4610306
27/05/2020 16:00:00,48.18,48.27,47.66,48.21,4173870
28/05/2020 16:00:00,48.78,49.26,48.67,48.71,3821125
29/05/2020 16:00:00,48.83,48.9,48.25,48.76,6915771
01/06/2020 16:00:00,49.11,49.86,49.04,49.86,4142659
02/06/2020 16:00:00,50.17,50.42,50.06,50.41,5342652
03/06/2020 16:00:00,51.17,52.01,51.12,51.81,7445937
04/06/2020 16:00:00,51.53,52.06,51.46,51.8,6703108
05/06/2020 16:00:00,52.9,53.16,52.57,52.73,7652273
08/06/2020 16:00:00,52.99,53.37,52.67,53.37,5874674
09/06/2020 16:00:00,52.21,52.65,52.12,52.42,7305807
10/06/2020 16:00:00,52.57,52.76,52.03,52.19,4709513
11/06/2020 16:00:00,50.76,50.92,49.03,49.13,7460495
12/06/2020 16:00:00,50.61,50.73,49.25,50.06,6207765
15/06/2020 16:00:00,49.25,50.66,49.1,50.54,5123816
16/06/2020 16:00:00,51.47,51.6,50.48,51.09,6627163
17/06/2020 16:00:00,51.5,51.57,51.08,51.25,3236153
18/06/2020 16:00:00,50.79,51.1,50.68,50.88,3425138
19/06/2020 16:00:00,51.5,51.6,50.5,50.61,3475062
22/06/2020 16:00:00,50.66,51.04,50.46,50.98,3313132
23/06/2020 16:00:00,51.62,51.71,51.23,51.29,7336762
24/06/2020 16:00:00,50.65,50.74,49.71,49.85,4546674
25/06/2020 16:00:00,49.92,50.69,49.63,50.63,3866308
26/06/2020 16:00:00,50.54,50.54,49.7,49.78,4888673
29/06/2020 16:00:00,50.2,50.45,49.91,50.35,3752984
30/06/2020 16:00:00,49.97,50.56,49.83,50.33,5765000
01/07/2020 16:00:00,50.37,50.82,50.31,50.71,5077817
02/07/2020 16:00:00,51.36,51.61,51.09,51.19,2989845
06/07/2020 16:00:00,52,52.19,51.82,52.1,3712753
07/07/2020 16:00:00,51.68,51.83,51.28,51.3,2276225
08/07/2020 16:00:00,51.47,51.96,51.38,51.96,3924902
09/07/2020 16:00:00,51.89,51.9,50.84,51.21,5108218
10/07/2020 16:00:00,51.38,51.73,51.2,51.7,4658102
13/07/2020 16:00:00,52.08,52.4,51.29,51.4,4157841
14/07/2020 16:00:00,51.54,52.36,51.48,52.26,4580020
15/07/2020 16:00:00,53.05,53.22,52.66,52.88,5095993
16/07/2020 16:00:00,52.69,52.92,52.57,52.71,5308150
17/07/2020 16:00:00,52.85,53.07,52.71,53.03,2621444
20/07/2020 16:00:00,53.22,53.49,53.01,53.46,2509727
21/07/2020 16:00:00,53.74,53.89,53.5,53.59,4038000
22/07/2020 16:00:00,53.69,53.96,53.64,53.92,2109298
23/07/2020 16:00:00,53.75,53.93,53.28,53.41,5786753
24/07/2020 16:00:00,53.01,53.19,52.88,53.02,3806381
27/07/2020 16:00:00,53.42,53.73,53.34,53.62,3893109
28/07/2020 16:00:00,53.4,53.69,53.29,53.35,4612330
29/07/2020 16:00:00,53.73,54.13,53.6,54.05,3020416
30/07/2020 16:00:00,52.72,53.32,52.22,53.3,6376690
31/07/2020 16:00:00,53.19,53.21,51.81,52.17,6261102
03/08/2020 16:00:00,52.76,53.21,52.61,53.2,4431343
04/08/2020 16:00:00,52.8,53.39,52.73,53.38,2401434
05/08/2020 16:00:00,53.91,54.07,53.65,53.72,6065105
06/08/2020 16:00:00,53.48,53.85,53.3,53.78,4297210
07/08/2020 16:00:00,53.2,53.53,53.12,53.51,2183106
10/08/2020 16:00:00,53.51,53.6,53.32,53.6,3947482
11/08/2020 16:00:00,54.44,54.52,53.73,53.81,6883390
12/08/2020 16:00:00,54.83,55.2,54.73,54.98,5596908
13/08/2020 16:00:00,54.98,55.12,54.55,54.72,2924603
14/08/2020 16:00:00,54.2,54.35,54.02,54.16,2595856
17/08/2020 16:00:00,54.55,54.68,54.53,54.64,1879382
18/08/2020 16:00:00,54.95,55,54.44,54.58,2089792
19/08/2020 16:00:00,54.87,54.92,54.26,54.33,2725495
20/08/2020 16:00:00,53.79,54.27,53.72,54.22,2709994
21/08/2020 16:00:00,53.35,53.83,53.33,53.8,2747721
24/08/2020 16:00:00,54.72,54.72,54.35,54.6,2903447
25/08/2020 16:00:00,54.99,54.99,54.28,54.65,2951546
26/08/2020 16:00:00,54.71,55.14,54.64,55.14,3328991
27/08/2020 16:00:00,55.19,55.22,54.26,54.49,4148652
28/08/2020 16:00:00,54.83,54.93,54.54,54.92,2518633
31/08/2020 16:00:00,54.79,54.98,54.38,54.42,4769900
01/09/2020 16:00:00,54.45,54.55,54.13,54.36,4064511
02/09/2020 16:00:00,54.77,55.22,54.57,55.18,6443939
03/09/2020 16:00:00,55.1,55.13,53.56,53.76,11263102
04/09/2020 16:00:00,54.07,54.2,52.89,53.99,9875477
08/09/2020 16:00:00,53.19,53.73,52.98,53.19,10943109
09/09/2020 16:00:00,54.26,54.69,54.19,54.46,6244808
10/09/2020 16:00:00,54.76,54.88,53.66,53.71,7060376
11/09/2020 16:00:00,54.34,54.5,53.89,54.19,6225785
14/09/2020 16:00:00,54.62,54.66,54.32,54.37,2558077
15/09/2020 16:00:00,55,55.02,54.62,54.76,2692214
16/09/2020 16:00:00,54.95,55.17,54.62,54.71,3053275
17/09/2020 16:00:00,54.41,54.9,54.38,54.82,4420044
18/09/2020 16:00:00,54.61,54.71,54.17,54.38,4906825
21/09/2020 16:00:00,52.53,52.53,51.78,52.39,7220126
22/09/2020 16:00:00,52.36,52.4,51.76,52.27,2865419
23/09/2020 16:00:00,52.46,52.48,51.47,51.51,3761349
24/09/2020 16:00:00,51.58,51.94,51.18,51.54,4777153
25/09/2020 16:00:00,50.99,51.73,50.84,51.69,3120085
28/09/2020 16:00:00,52.54,52.67,52.45,52.65,3013261
29/09/2020 16:00:00,52.65,52.86,52.38,52.6,1733844
30/09/2020 16:00:00,52.64,52.94,52.26,52.43,7166435
01/10/2020 16:00:00,52.84,52.91,52.51,52.84,3023081
02/10/2020 16:00:00,52.21,52.98,52.21,52.82,3428486
05/10/2020 16:00:00,53.32,53.77,53.32,53.77,2314863
06/10/2020 16:00:00,53.83,53.84,52.94,53.03,3300424
07/10/2020 16:00:00,53.45,53.58,53.29,53.48,3665664
08/10/2020 16:00:00,53.77,53.98,53.73,53.98,3257511
09/10/2020 16:00:00,54.35,54.55,54.25,54.5,3301895
12/10/2020 16:00:00,54.67,54.91,54.62,54.87,1725499
13/10/2020 16:00:00,54.24,54.24,53.87,54,2718253
14/10/2020 16:00:00,54.21,54.29,53.78,53.85,2791237
15/10/2020 16:00:00,52.6,53.1,52.56,53.02,4109570
16/10/2020 16:00:00,53.36,53.68,53.31,53.41,2856026
19/10/2020 16:00:00,53.7,53.81,53.08,53.16,3826392
20/10/2020 16:00:00,53.79,53.96,53.54,53.58,3657063
21/10/2020 16:00:00,53.31,53.56,53,53,3641232
22/10/2020 16:00:00,52.92,53.15,52.65,53.02,4426587
23/10/2020 16:00:00,53.49,53.52,53.11,53.51,2332273
26/10/2020 16:00:00,52.7,52.75,51.9,52.24,4145115
27/10/2020 16:00:00,52.07,52.11,51.5,51.57,4552153
28/10/2020 16:00:00,49.93,50.12,49.48,49.58,8905021
29/10/2020 16:00:00,49.48,49.96,49.17,49.75,7646097
30/10/2020 16:00:00,49.67,49.76,49.22,49.59,5614595
02/11/2020 16:00:00,50.17,50.36,49.9,50.3,5142167
03/11/2020 16:00:00,51.41,52,51.38,51.79,4312112
04/11/2020 16:00:00,52.18,53.02,51.93,52.51,6751025
05/11/2020 16:00:00,53.74,53.94,53.45,53.79,6477747
06/11/2020 16:00:00,54.12,54.19,53.86,53.97,3976833
09/11/2020 16:00:00,56.52,56.58,55.49,55.55,9092925
10/11/2020 16:00:00,56.41,56.66,56.17,56.36,9802164
11/11/2020 16:00:00,56.71,56.89,56.58,56.85,4201228
12/11/2020 16:00:00,56.48,56.68,55.94,56.08,4682103
13/11/2020 16:00:00,56.57,56.99,56.55,56.96,5132161
16/11/2020 16:00:00,57.6,57.62,57.22,57.56,4408838
17/11/2020 16:00:00,57.42,57.67,57.21,57.55,2502696
18/11/2020 16:00:00,57.69,57.82,57.22,57.23,2174606
19/11/2020 16:00:00,57.22,57.65,57.06,57.63,4142083
20/11/2020 16:00:00,57.51,57.7,57.43,57.6,2612675
23/11/2020 16:00:00,57.82,57.87,57.27,57.54,2804064
24/11/2020 16:00:00,57.94,58.45,57.89,58.43,10026362
25/11/2020 16:00:00,58.17,58.54,58.09,58.44,3542367
27/11/2020 13:00:00,58.42,58.77,58.42,58.71,3776658
30/11/2020 16:00:00,58.9,58.93,57.71,57.72,4849004
01/12/2020 16:00:00,58.66,59.2,58.64,59.18,5247213
02/12/2020 16:00:00,58.88,59.25,58.82,59.13,5590880
03/12/2020 16:00:00,59.4,59.6,59.18,59.31,4135134
04/12/2020 16:00:00,59.81,59.97,59.69,59.84,3782273
07/12/2020 16:00:00,59.54,59.71,59.39,59.49,3558916
08/12/2020 16:00:00,59.33,59.72,59.32,59.7,2520361
09/12/2020 16:00:00,60,60.01,59.3,59.67,5513594
10/12/2020 16:00:00,59.2,59.8,59.2,59.61,3381449
11/12/2020 16:00:00,59.07,59.29,58.85,59.21,2546141
14/12/2020 16:00:00,59.69,59.74,59.23,59.28,1835827
15/12/2020 16:00:00,59.63,60.09,59.47,60.09,2921184
16/12/2020 16:00:00,60.26,60.48,60.03,60.38,2419730
17/12/2020 16:00:00,60.93,61.09,60.8,60.88,2922457
18/12/2020 16:00:00,60.83,60.84,60.47,60.56,3759255
21/12/2020 16:00:00,58.45,59.5,58.23,59.36,5711516
22/12/2020 16:00:00,59.25,59.33,59.07,59.25,2685491
23/12/2020 16:00:00,59.88,60.11,59.79,60.04,2826309
24/12/2020 13:00:00,60.16,60.23,59.95,60.19,1453284
28/12/2020 16:00:00,60.78,60.87,60.51,60.6,1942178
29/12/2020 16:00:00,61.34,61.4,60.87,61.04,2058369
30/12/2020 16:00:00,61.25,61.39,60.91,60.96,2492138
31/12/2020 16:00:00,60.78,60.78,60.08,60.24,5125037
04/01/2021 16:00:00,61.84,61.94,60.67,61.02,4267853
05/01/2021 16:00:00,61.09,61.71,61.04,61.57,2866075
06/01/2021 16:00:00,61.91,62.67,61.83,62.3,4947356
07/01/2021 16:00:00,62.36,62.56,62.26,62.49,2262401
08/01/2021 16:00:00,62.76,62.83,62.16,62.78,5066223
11/01/2021 16:00:00,61.46,61.96,61.46,61.79,2565932
12/01/2021 16:00:00,61.78,62.11,61.53,62.08,3308726
13/01/2021 16:00:00,61.93,62.09,61.73,61.89,1932161
14/01/2021 16:00:00,61.97,62.46,61.97,62.33,3024719
15/01/2021 16:00:00,61.55,61.65,60.97,61.25,2614447
19/01/2021 16:00:00,61.83,61.84,61.5,61.8,3024355
20/01/2021 16:00:00,61.97,62.2,61.81,62.19,2569015
21/01/2021 16:00:00,62.37,62.43,61.99,62.42,2049819
22/01/2021 16:00:00,61.83,62.13,61.79,61.97,3250382
25/01/2021 16:00:00,61.33,61.6,60.93,61.57,2403455
26/01/2021 16:00:00,61.84,61.91,61.59,61.82,2422093
27/01/2021 16:00:00,60.48,61.02,59.96,60.35,6400901
28/01/2021 16:00:00,60.78,61.24,60.71,60.87,6171441
29/01/2021 16:00:00,60.31,60.44,59.41,59.7,11894427
01/02/2021 16:00:00,60.52,60.56,60.21,60.48,3099982
02/02/2021 16:00:00,60.86,61.15,60.66,61.12,3366165
03/02/2021 16:00:00,61.1,61.25,60.86,61.18,4393622
04/02/2021 16:00:00,60.98,61.24,60.95,61.23,2177909
05/02/2021 16:00:00,61.5,61.66,61.25,61.63,1999671
08/02/2021 16:00:00,61.9,62.02,61.61,61.8,2137507
09/02/2021 16:00:00,61.9,62.22,61.81,62.16,3426717
10/02/2021 16:00:00,62.34,62.41,61.65,61.88,2546931
11/02/2021 16:00:00,62.24,62.37,62.02,62.37,2231890
12/02/2021 16:00:00,62.19,62.75,62.17,62.75,1430316
16/02/2021 16:00:00,63.34,63.51,63.18,63.35,2589290
17/02/2021 16:00:00,62.7,62.79,62.38,62.69,4748625
18/02/2021 16:00:00,62.42,62.53,62.02,62.51,3069764
19/02/2021 16:00:00,62.8,62.98,62.53,62.64,2337542
22/02/2021 16:00:00,62.53,62.87,62.45,62.45,2887996
23/02/2021 16:00:00,62.31,62.61,61.69,62.48,3315743
24/02/2021 16:00:00,62.41,63.03,62.22,62.99,2043483
25/02/2021 16:00:00,63.22,63.35,61.86,61.94,3939295
26/02/2021 16:00:00,61.94,61.94,61.11,61.24,6423975
01/03/2021 16:00:00,61.94,62.35,61.85,62.31,2794142
02/03/2021 16:00:00,62.46,62.69,62.32,62.52,2928709
03/03/2021 16:00:00,62.28,62.58,61.96,62.1,5039654
04/03/2021 16:00:00,62.13,62.39,61.04,61.37,7215250
05/03/2021 16:00:00,61.81,61.84,60.9,61.8,4992837
08/03/2021 16:00:00,61.62,62.18,61.48,61.72,9379619
09/03/2021 16:00:00,62.57,62.82,62.51,62.68,3657306
10/03/2021 16:00:00,63.05,63.15,62.75,63.1,3924673
11/03/2021 16:00:00,63.44,63.72,63.28,63.68,2608751
12/03/2021 16:00:00,63.09,63.66,63.03,63.64,3425888
15/03/2021 16:00:00,63.42,63.55,62.98,63.55,2433965
16/03/2021 16:00:00,63.68,63.73,63.53,63.63,5920652
17/03/2021 16:00:00,63.36,64.04,63.27,63.96,3384564
18/03/2021 16:00:00,63.52,63.91,63.13,63.17,2902818
19/03/2021 16:00:00,63.02,63.33,62.74,63.21,3666870
22/03/2021 16:00:00,62.98,63.3,62.94,63.16,2516632
23/03/2021 16:00:00,62.79,62.85,62.19,62.24,2292947
24/03/2021 16:00:00,62.26,62.55,62.1,62.13,2387988
25/03/2021 16:00:00,61.93,62.48,61.78,62.45,4515701
26/03/2021 16:00:00,62.68,63.28,62.67,63.28,2625134
29/03/2021 16:00:00,62.92,63.13,62.76,63.04,1983454
30/03/2021 16:00:00,62.87,63.15,62.81,63.1,2365367
31/03/2021 16:00:00,63.13,63.3,62.94,63,3351461
01/04/2021 16:00:00,63.49,64.1,63.45,64.01,3586619
05/04/2021 16:00:00,64.62,65.17,64.44,65.11,6392468
06/04/2021 16:00:00,64.42,64.57,64.32,64.52,3613074
07/04/2021 16:00:00,64.63,64.81,64.51,64.66,2879442
08/04/2021 16:00:00,64.98,65.19,64.82,65.11,2178612
09/04/2021 16:00:00,65,65.22,64.97,65.19,2241603
12/04/2021 16:00:00,64.95,65.01,64.75,64.89,3338858
13/04/2021 16:00:00,64.96,65.3,64.93,65.29,4977662
14/04/2021 16:00:00,65.34,65.52,65.21,65.32,2944126
15/04/2021 16:00:00,65.73,65.89,65.64,65.89,2597405
16/04/2021 16:00:00,66.23,66.67,66.17,66.67,5662813
19/04/2021 16:00:00,66.8,66.82,66.48,66.71,4206638
20/04/2021 16:00:00,66.01,66.03,65.36,65.54,5277098
21/04/2021 16:00:00,65.33,66.16,65.27,66.14,4832267
22/04/2021 16:00:00,66.22,66.28,65.75,65.91,4450135
23/04/2021 16:00:00,66.07,66.69,66.07,66.56,1899400
26/04/2021 16:00:00,66.69,66.81,66.63,66.76,2884756
27/04/2021 16:00:00,66.58,66.81,66.49,66.78,2536990
28/04/2021 16:00:00,66.66,67.08,66.58,66.99,2734733
29/04/2021 16:00:00,67.22,67.22,66.55,67.01,4739331
30/04/2021 16:00:00,66.59,66.68,65.8,66.01,4254647
03/05/2021 16:00:00,66.68,66.91,66.54,66.86,3442458
04/05/2021 16:00:00,65.99,66.13,65.35,65.74,5657621
05/05/2021 16:00:00,66.43,66.72,66.26,66.69,5978938
06/05/2021 16:00:00,66.72,67.19,66.48,67.19,4953821
07/05/2021 16:00:00,67.43,68.21,67.36,68.21,4495422
10/05/2021 16:00:00,68.23,68.24,67.62,67.69,4630757
11/05/2021 16:00:00,66.53,67.02,66.46,66.91,7869226
12/05/2021 16:00:00,66.57,66.95,66.02,66.16,9702349
13/05/2021 16:00:00,66.24,66.83,66.22,66.7,10573166
14/05/2021 16:00:00,67.34,67.98,67.3,67.93,6572322
17/05/2021 16:00:00,67.65,67.93,67.59,67.9,6614449
18/05/2021 16:00:00,68.27,68.3,67.94,67.96,4379978
19/05/2021 16:00:00,66.95,67.54,66.65,67.22,7917128
20/05/2021 16:00:00,67.7,68.33,67.63,68.26,5567185
21/05/2021 16:00:00,68.37,68.42,68.06,68.3,4322281
24/05/2021 16:00:00,68.47,68.82,68.39,68.74,3251369
25/05/2021 16:00:00,68.95,69.01,68.65,68.77,6489818
26/05/2021 16:00:00,68.58,68.73,68.46,68.57,4656362
27/05/2021 16:00:00,68.75,68.88,68.54,68.78,5302607
28/05/2021 16:00:00,68.9,69.16,68.83,68.95,3571132
01/06/2021 16:00:00,69.75,69.78,69.4,69.48,5048796
02/06/2021 16:00:00,69.35,69.65,69.3,69.58,3680278
03/06/2021 16:00:00,69.1,69.15,68.89,69.09,5494791
04/06/2021 16:00:00,69.51,69.66,69.4,69.66,2514012
07/06/2021 16:00:00,69.85,70,69.78,69.98,3067922
08/06/2021 16:00:00,70.06,70.06,69.82,69.97,3317739
09/06/2021 16:00:00,70.02,70.06,69.82,69.85,8211215
10/06/2021 16:00:00,69.8,70.07,69.75,69.94,4575737
11/06/2021 16:00:00,70.08,70.17,69.88,70.17,3073097
14/06/2021 16:00:00,70.16,70.35,70.09,70.35,2251599
15/06/2021 16:00:00,70.32,70.38,70.17,70.36,3540972
16/06/2021 16:00:00,70.33,70.41,69.51,69.67,3834013
17/06/2021 16:00:00,69.16,69.29,68.71,69.03,4311212
18/06/2021 16:00:00,67.89,68.04,67.53,67.68,5536727
21/06/2021 16:00:00,67.33,67.97,67.24,67.94,6216453
22/06/2021 16:00:00,67.7,68.11,67.55,67.96,3562889
23/06/2021 16:00:00,68.03,68.04,67.46,67.54,2801731
24/06/2021 16:00:00,68.08,68.24,68.02,68.19,4762854
25/06/2021 16:00:00,68.31,68.35,68.19,68.33,2154631
28/06/2021 16:00:00,68.09,68.11,67.7,67.8,3517446
29/06/2021 16:00:00,67.95,67.99,67.73,67.84,1489200
30/06/2021 16:00:00,67.25,67.48,67.01,67.26,4218097
01/07/2021 16:00:00,67.5,67.67,67.33,67.66,3642029
02/07/2021 16:00:00,67.64,67.85,67.42,67.85,3548958
06/07/2021 16:00:00,67.91,67.92,67.16,67.42,5282802
07/07/2021 16:00:00,67.68,67.91,67.43,67.84,3919466